2026.06.07 14:19:17 INFO  Started: Metals version 1.6.7 in folders '/Users/pamelavillar/Downloads/ludo-gui 2' for client Visual Studio Code 1.95.3.
2026.06.07 14:19:17 INFO  Memory monitor started
2026.06.07 14:19:18 WARN  Using H2 2.4.240 which is newer than the version Flyway has been verified with. The latest verified version of H2 is 2.3.232.
Jun 07, 2026 2:19:18 PM org.eclipse.lsp4j.jsonrpc.services.GenericEndpoint notify
INFO: Unsupported notification method: $/setTrace
2026.06.07 14:19:21 INFO  no build target found for /Users/pamelavillar/Downloads/ludo-gui 2/build.sbt. Using presentation compiler with project's scala-library version: 3.3.7
Jun 07, 2026 2:19:21 PM org.eclipse.lsp4j.jsonrpc.RemoteEndpoint handleCancellation
WARNING: Unmatched cancel notification for request id 2
Jun 07, 2026 2:19:21 PM org.eclipse.lsp4j.jsonrpc.RemoteEndpoint handleCancellation
WARNING: Unmatched cancel notification for request id 4
2026.06.07 14:19:21 INFO  no build target found for /Users/pamelavillar/Downloads/ludo-gui 2/build.sbt. Using presentation compiler with project's scala-library version: 3.3.7
2026.06.07 14:19:21 INFO  no build target found for /Users/pamelavillar/Downloads/ludo-gui 2/build.sbt. Using presentation compiler with project's scala-library version: 3.3.7
2026.06.07 14:19:21 INFO  no build target found for /Users/pamelavillar/Downloads/ludo-gui 2/build.sbt. Using presentation compiler with project's scala-library version: 3.3.7
2026.06.07 14:19:21 INFO  no build target found for /Users/pamelavillar/Downloads/ludo-gui 2/build.sbt. Using presentation compiler with project's scala-library version: 3.3.7
2026.06.07 14:19:22 INFO  no build target found for /Users/pamelavillar/Downloads/ludo-gui 2/build.sbt. Using presentation compiler with project's scala-library version: 3.3.7
2026.06.07 14:19:22 INFO  no build target found for /Users/pamelavillar/Downloads/ludo-gui 2/build.sbt. Using presentation compiler with project's scala-library version: 3.3.7
2026.06.07 14:19:22 INFO  no build target found for /Users/pamelavillar/Downloads/ludo-gui 2/build.sbt. Using presentation compiler with project's scala-library version: 3.3.7
2026.06.07 14:19:22 INFO  no build target found for /Users/pamelavillar/Downloads/ludo-gui 2/build.sbt. Using presentation compiler with project's scala-library version: 3.3.7
2026.06.07 14:19:22 INFO  no build target found for /Users/pamelavillar/Downloads/ludo-gui 2/build.sbt. Using presentation compiler with project's scala-library version: 3.3.7
2026.06.07 14:19:24 INFO  running '/Users/pamelavillar/Library/Caches/Coursier/arc/https/github.com/adoptium/temurin17-binaries/releases/download/jdk-17.0.19%252B10/OpenJDK17U-jdk_aarch64_mac_hotspot_17.0.19_10.tar.gz/jdk-17.0.19+10/Contents/Home/bin/java -Djline.terminal=jline.UnsupportedTerminal -Dsbt.log.noformat=true -Dfile.encoding=UTF-8 -Dsbt.version=1.12.5 -jar /var/folders/rh/0vzy5crd1pzby6qt7c06_nk00000gn/T/metals283114932051785381/sbt-launch.jar -Dbloop.export-jar-classifiers=sources bloopInstall'
2026.06.07 14:19:24 INFO  no build target found for /Users/pamelavillar/Downloads/ludo-gui 2/build.sbt. Using presentation compiler with project's scala-library version: 3.3.7
2026.06.07 14:19:24 WARN  no build target for: /Users/pamelavillar/Downloads/ludo-gui 2/project/metals.sbt
2026.06.07 14:19:24 INFO  no build target found for /Users/pamelavillar/Downloads/ludo-gui 2/project/metals.sbt. Using presentation compiler with project's scala-library version: 3.3.7
2026.06.07 14:19:24 WARN  no build target for: /Users/pamelavillar/Downloads/ludo-gui 2/project/project/metals.sbt
2026.06.07 14:19:24 INFO  no build target found for /Users/pamelavillar/Downloads/ludo-gui 2/project/project/metals.sbt. Using presentation compiler with project's scala-library version: 3.3.7
2026.06.07 14:19:24 INFO  no build target found for /Users/pamelavillar/Downloads/ludo-gui 2/build.sbt. Using presentation compiler with project's scala-library version: 3.3.7
2026.06.07 14:19:25 INFO  [info] Updated file /Users/pamelavillar/Downloads/ludo-gui 2/project/build.properties: set sbt.version to 1.12.5
2026.06.07 14:19:25 INFO  [info] welcome to sbt 1.12.5 (Eclipse Adoptium Java 17.0.19)
2026.06.07 14:19:25 INFO  no build target found for /Users/pamelavillar/Downloads/ludo-gui 2/build.sbt. Using presentation compiler with project's scala-library version: 3.3.7
2026.06.07 14:19:25 WARN  no build target for: /Users/pamelavillar/Downloads/ludo-gui 2/build.sbt
2026.06.07 14:19:25 INFO  [info] loading settings for project ludo-gui-2-build-build from metals.sbt...
2026.06.07 14:19:26 INFO  [info] loading project definition from /Users/pamelavillar/Downloads/ludo-gui 2/project/project
2026.06.07 14:19:26 INFO  [info] loading settings for project ludo-gui-2-build from metals.sbt...
2026.06.07 14:19:26 INFO  [info] loading project definition from /Users/pamelavillar/Downloads/ludo-gui 2/project
2026.06.07 14:19:27 INFO  no build target found for /Users/pamelavillar/Downloads/ludo-gui 2/build.sbt. Using presentation compiler with project's scala-library version: 3.3.7
2026.06.07 14:19:28 INFO  [success] Generated .bloop/ludo-gui-2-build.json
2026.06.07 14:19:28 INFO  [success] Total time: 1 s, completed Jun 7, 2026, 2:19:28 PM
2026.06.07 14:19:28 INFO  [info] loading settings for project ludo-gui-2 from build.sbt...
2026.06.07 14:19:29 INFO  [info] set current project to ludo-gui (in build file:/Users/pamelavillar/Downloads/ludo-gui%202/)
2026.06.07 14:19:29 INFO  [success] Generated .bloop/ludo-gui-2.json
2026.06.07 14:19:29 INFO  [success] Generated .bloop/ludo-gui-2-test.json
2026.06.07 14:19:29 INFO  [success] Total time: 0 s, completed Jun 7, 2026, 2:19:29 PM
2026.06.07 14:19:29 INFO  time: ran 'sbt bloopInstall' in 5.12s
2026.06.07 14:19:29 INFO  Attempting to connect to the build server...
2026.06.07 14:19:29 INFO  Found a Bloop server running
2026.06.07 14:19:29 INFO  tracing is disabled for protocol BSP, to enable tracing of incoming and outgoing JSON messages create an empty file at /Users/pamelavillar/Downloads/ludo-gui 2/.metals/bsp.trace.json or /Users/pamelavillar/Library/Caches/org.scalameta.metals/bsp.trace.json
2026.06.07 14:19:29 INFO  Attempting to connect to the build server...
2026.06.07 14:19:29 INFO  Found a Bloop server running
2026.06.07 14:19:29 INFO  tracing is disabled for protocol BSP, to enable tracing of incoming and outgoing JSON messages create an empty file at /Users/pamelavillar/Downloads/ludo-gui 2/project/.metals/bsp.trace.json or /Users/pamelavillar/Library/Caches/org.scalameta.metals/bsp.trace.json
2026.06.07 14:19:29 INFO  time: Connected to build server in 0.28s
2026.06.07 14:19:29 INFO  Connected to Build server: Bloop v2.0.19
2026.06.07 14:19:31 WARN  Using H2 2.4.240 which is newer than the version Flyway has been verified with. The latest verified version of H2 is 2.3.232.
2026.06.07 14:19:35 INFO  time: indexed workspace in 5.71s
2026.06.07 14:19:36 INFO  time: code lens generation in 1.15s
2026.06.07 14:19:36 INFO  time: code lens generation in 1.15s
2026.06.07 14:19:36 INFO  time: code lens generation in 1.15s
2026.06.07 14:19:40 INFO  no build target found for /Users/pamelavillar/Downloads/ludo-gui 2/project/metals.sbt. Using presentation compiler with project's scala-library version: 3.3.7
2026.06.07 14:19:40 INFO  no build target found for /Users/pamelavillar/Downloads/ludo-gui 2/project/metals.sbt. Using presentation compiler with project's scala-library version: 3.3.7
2026.06.07 14:19:40 WARN  no build target for: /Users/pamelavillar/Downloads/ludo-gui 2/project/metals.sbt
2026.06.07 14:19:55 INFO  no build target found for /Users/pamelavillar/Downloads/ludo-gui 2/project/metals.sbt. Using presentation compiler with project's scala-library version: 3.3.7
2026.06.07 14:19:56 INFO  compiling ludo-gui-2 (7 scala sources)
2026.06.07 14:19:56 INFO  time: compiled ludo-gui-2 in 0.58s
2026.06.07 14:20:37 WARN  Could not find 'setColumnIndex' using presentation compiler nor semanticdb. Trying to guess the definition using available information from local class context. 
2026.06.07 14:20:37 INFO  Created report: Optional[file:///Users/pamelavillar/Downloads/ludo-gui%202/src/main/scala/ludo/gui/components/BoardView.scala]
2026.06.07 14:20:37 INFO  empty definition using pc, found symbol in pc:  (full report at: "/Users/pamelavillar/Downloads/ludo-gui 2/.metals/.reports/metals-full/2026-06-07/r_empty-definition_(ludo-gui-2)_14-20-37-347.md")
2026.06.07 14:20:48 INFO  Created report: Optional[file:///Users/pamelavillar/Downloads/ludo-gui%202/src/main/scala/ludo/gui/components/BoardView.scala]
2026.06.07 14:20:48 INFO  empty definition using pc, found symbol in pc:  (full report at: "/Users/pamelavillar/Downloads/ludo-gui 2/.metals/.reports/metals-full/2026-06-07/r_empty-definition_(ludo-gui-2)_14-20-48-995.md")
2026.06.07 14:21:09 INFO  compiling ludo-gui-2 (7 scala sources)
2026.06.07 14:21:09 INFO  time: compiled ludo-gui-2 in 0.38s
2026.06.07 14:21:22 INFO  Created report: Optional[file:///Users/pamelavillar/Downloads/ludo-gui%202/src/main/scala/ludo/gui/components/BoardView.scala]
2026.06.07 14:21:22 INFO  empty definition using pc, found symbol in pc:  (full report at: "/Users/pamelavillar/Downloads/ludo-gui 2/.metals/.reports/metals-full/2026-06-07/r_empty-definition_(ludo-gui-2)_14-21-22-163.md")
2026.06.07 14:21:27 INFO  compiling ludo-gui-2 (7 scala sources)
2026.06.07 14:21:27 INFO  time: compiled ludo-gui-2 in 0.95s
Jun 07, 2026 2:21:37 PM org.eclipse.lsp4j.jsonrpc.services.GenericEndpoint notify
INFO: Unsupported notification method: $/setTrace
Jun 07, 2026 2:21:37 PM org.eclipse.lsp4j.jsonrpc.services.GenericEndpoint notify
INFO: Unsupported notification method: $/setTrace
Jun 07, 2026 2:34:24 PM org.eclipse.lsp4j.jsonrpc.services.GenericEndpoint notify
INFO: Unsupported notification method: $/setTrace
Jun 07, 2026 2:35:48 PM org.eclipse.lsp4j.jsonrpc.services.GenericEndpoint notify
INFO: Unsupported notification method: $/setTrace
Jun 07, 2026 4:44:18 PM org.eclipse.lsp4j.jsonrpc.services.GenericEndpoint notify
INFO: Unsupported notification method: $/setTrace
2026.06.07 16:44:18 INFO  restarted 3 presentation compilers
2026.06.07 16:44:22 INFO  running '/Users/pamelavillar/Library/Caches/Coursier/arc/https/github.com/adoptium/temurin17-binaries/releases/download/jdk-17.0.19%252B10/OpenJDK17U-jdk_aarch64_mac_hotspot_17.0.19_10.tar.gz/jdk-17.0.19+10/Contents/Home/bin/java -Djline.terminal=jline.UnsupportedTerminal -Dsbt.log.noformat=true -Dfile.encoding=UTF-8 -jar /var/folders/rh/0vzy5crd1pzby6qt7c06_nk00000gn/T/metals5943498433560701468/sbt-launch.jar -Dbloop.export-jar-classifiers=sources bloopInstall'
2026.06.07 16:44:23 INFO  [info] welcome to sbt 1.12.5 (Eclipse Adoptium Java 17.0.19)
2026.06.07 16:44:23 INFO  [info] loading settings for project ludo-gui-2-build-build from metals.sbt...
2026.06.07 16:44:23 INFO  [info] loading project definition from /Users/pamelavillar/Downloads/ludo-gui 2/project/project
2026.06.07 16:44:24 INFO  [info] loading settings for project ludo-gui-2-build from metals.sbt...
2026.06.07 16:44:24 INFO  [info] loading project definition from /Users/pamelavillar/Downloads/ludo-gui 2/project
2026.06.07 16:44:24 INFO  [success] Generated .bloop/ludo-gui-2-build.json
2026.06.07 16:44:24 INFO  [success] Total time: 1 s, completed Jun 7, 2026, 4:44:25 PM
2026.06.07 16:44:24 INFO  [info] loading settings for project ludo-gui-2 from build.sbt...
2026.06.07 16:44:24 INFO  [info] set current project to ludo-gui (in build file:/Users/pamelavillar/Downloads/ludo-gui%202/)
2026.06.07 16:44:25 INFO  [success] Generated .bloop/ludo-gui-2-test.json
2026.06.07 16:44:25 INFO  [success] Generated .bloop/ludo-gui-2.json
2026.06.07 16:44:25 INFO  [success] Total time: 0 s, completed Jun 7, 2026, 4:44:25 PM
2026.06.07 16:44:25 INFO  time: ran 'sbt bloopInstall' in 3.17s
2026.06.07 16:44:25 INFO  Disconnecting from Bloop session...
2026.06.07 16:44:25 INFO  Shut down connection with build server.
2026.06.07 16:44:25 INFO  Shut down connection with build server.
2026.06.07 16:44:25 INFO  Attempting to connect to the build server...
2026.06.07 16:44:25 INFO  Found a Bloop server running
2026.06.07 16:44:25 INFO  tracing is disabled for protocol BSP, to enable tracing of incoming and outgoing JSON messages create an empty file at /Users/pamelavillar/Downloads/ludo-gui 2/.metals/bsp.trace.json or /Users/pamelavillar/Library/Caches/org.scalameta.metals/bsp.trace.json
2026.06.07 16:44:25 INFO  Attempting to connect to the build server...
2026.06.07 16:44:25 INFO  Found a Bloop server running
2026.06.07 16:44:25 INFO  tracing is disabled for protocol BSP, to enable tracing of incoming and outgoing JSON messages create an empty file at /Users/pamelavillar/Downloads/ludo-gui 2/project/.metals/bsp.trace.json or /Users/pamelavillar/Library/Caches/org.scalameta.metals/bsp.trace.json
2026.06.07 16:44:25 INFO  time: Connected to build server in 0.23s
2026.06.07 16:44:25 INFO  Connected to Build server: Bloop v2.0.19
2026.06.07 16:44:26 INFO  time: indexed workspace in 0.94s
2026.06.07 16:45:56 INFO  Disconnecting from Bloop session...
2026.06.07 16:45:56 INFO  Shut down connection with build server.
2026.06.07 16:45:56 INFO  Shut down connection with build server.
2026.06.07 16:45:57 INFO  Attempting to connect to the build server...
2026.06.07 16:45:57 INFO  No running Bloop server found, starting one.
2026.06.07 16:45:56 INFO  Starting compilation server
2026.06.07 16:45:57 INFO  tracing is disabled for protocol BSP, to enable tracing of incoming and outgoing JSON messages create an empty file at /Users/pamelavillar/Downloads/ludo-gui 2/.metals/bsp.trace.json or /Users/pamelavillar/Library/Caches/org.scalameta.metals/bsp.trace.json
2026.06.07 16:45:58 INFO  Attempting to connect to the build server...
2026.06.07 16:45:58 INFO  Found a Bloop server running
2026.06.07 16:45:58 INFO  tracing is disabled for protocol BSP, to enable tracing of incoming and outgoing JSON messages create an empty file at /Users/pamelavillar/Downloads/ludo-gui 2/project/.metals/bsp.trace.json or /Users/pamelavillar/Library/Caches/org.scalameta.metals/bsp.trace.json
2026.06.07 16:45:58 INFO  time: Connected to build server in 1.21s
2026.06.07 16:45:58 INFO  Connected to Build server: Bloop v2.0.19
2026.06.07 16:45:59 INFO  time: indexed workspace in 0.76s
2026.06.07 16:45:59 INFO  compiling ludo-gui-2 (7 scala sources)
2026.06.07 16:46:02 INFO  time: compiled ludo-gui-2 in 2.77s
Jun 07, 2026 4:47:15 PM org.eclipse.lsp4j.jsonrpc.services.GenericEndpoint notify
INFO: Unsupported notification method: $/setTrace
2026.06.07 16:47:15 INFO  restarted 2 presentation compilers
Jun 07, 2026 4:47:15 PM org.eclipse.lsp4j.jsonrpc.services.GenericEndpoint notify
INFO: Unsupported notification method: $/setTrace
2026.06.07 16:47:15 INFO  restarted 0 presentation compilers
2026.06.07 16:47:20 INFO  running '/Users/pamelavillar/Downloads/zulu17.66.19-ca-jdk17.0.19-macosx_aarch64 2/Contents/Home/bin/java -Djline.terminal=jline.UnsupportedTerminal -Dsbt.log.noformat=true -Dfile.encoding=UTF-8 -jar /var/folders/rh/0vzy5crd1pzby6qt7c06_nk00000gn/T/metals10537991782577017949/sbt-launch.jar -Dbloop.export-jar-classifiers=sources bloopInstall'
2026.06.07 16:47:35 INFO  time: ran 'sbt bloopInstall' in 15s
2026.06.07 16:47:35 ERROR sbt command failed: /Users/pamelavillar/Downloads/zulu17.66.19-ca-jdk17.0.19-macosx_aarch64 2/Contents/Home/bin/java -Djline.terminal=jline.UnsupportedTerminal -Dsbt.log.noformat=true -Dfile.encoding=UTF-8 -jar /var/folders/rh/0vzy5crd1pzby6qt7c06_nk00000gn/T/metals10537991782577017949/sbt-launch.jar -Dbloop.export-jar-classifiers=sources bloopInstall
2026.06.07 16:47:35 INFO  Disconnecting from Bloop session...
2026.06.07 16:47:35 INFO  Shut down connection with build server.
2026.06.07 16:47:35 INFO  Shut down connection with build server.
2026.06.07 16:47:35 INFO  Attempting to connect to the build server...
2026.06.07 16:47:35 INFO  Found a Bloop server running
2026.06.07 16:47:35 INFO  tracing is disabled for protocol BSP, to enable tracing of incoming and outgoing JSON messages create an empty file at /Users/pamelavillar/Downloads/ludo-gui 2/.metals/bsp.trace.json or /Users/pamelavillar/Library/Caches/org.scalameta.metals/bsp.trace.json
2026.06.07 16:47:35 INFO  Attempting to connect to the build server...
2026.06.07 16:47:35 INFO  Found a Bloop server running
2026.06.07 16:47:35 INFO  tracing is disabled for protocol BSP, to enable tracing of incoming and outgoing JSON messages create an empty file at /Users/pamelavillar/Downloads/ludo-gui 2/project/.metals/bsp.trace.json or /Users/pamelavillar/Library/Caches/org.scalameta.metals/bsp.trace.json
2026.06.07 16:47:35 INFO  time: Connected to build server in 0.22s
2026.06.07 16:47:35 INFO  Connected to Build server: Bloop v2.0.19
2026.06.07 16:47:41 INFO  time: indexed workspace in 5.76s
2026.06.07 16:49:54 INFO  Created report: Optional[file:///Users/pamelavillar/Downloads/ludo-gui%202/src/main/scala/ludo/gui/LudoApp.scala]
2026.06.07 16:49:54 INFO  empty definition using pc, found symbol in pc:  (full report at: "/Users/pamelavillar/Downloads/ludo-gui 2/.metals/.reports/metals-full/2026-06-07/r_empty-definition_(ludo-gui-2)_16-49-54-923.md")
2026.06.07 16:50:05 INFO  Shutting down server
2026.06.07 16:50:05 INFO  Memory monitor stopped
2026.06.07 16:50:05 INFO  shutting down Metals
2026.06.07 16:50:05 INFO  Shut down connection with build server.
2026.06.07 16:50:05 INFO  Shut down connection with build server.
2026.06.07 16:50:05 INFO  Exiting server
2026.06.07 16:50:12 INFO  Started: Metals version 1.6.7 in folders '/Users/pamelavillar/Downloads/ludo-gui 2' for client Visual Studio Code 1.95.3.
2026.06.07 16:50:12 INFO  Memory monitor started
2026.06.07 16:50:12 WARN  Using H2 2.4.240 which is newer than the version Flyway has been verified with. The latest verified version of H2 is 2.3.232.
2026.06.07 16:50:12 INFO  no build target found for /Users/pamelavillar/Downloads/ludo-gui 2/src/main/scala/ludo/gui/LudoApp.scala. Using presentation compiler with project's scala-library version: 3.3.7
Jun 07, 2026 4:50:13 PM org.eclipse.lsp4j.jsonrpc.RemoteEndpoint handleCancellation
WARNING: Unmatched cancel notification for request id 2
2026.06.07 16:50:13 INFO  Attempting to connect to the build server...
2026.06.07 16:50:13 INFO  Found a Bloop server running
2026.06.07 16:50:13 INFO  tracing is disabled for protocol BSP, to enable tracing of incoming and outgoing JSON messages create an empty file at /Users/pamelavillar/Downloads/ludo-gui 2/.metals/bsp.trace.json or /Users/pamelavillar/Library/Caches/org.scalameta.metals/bsp.trace.json
2026.06.07 16:50:13 INFO  Attempting to connect to the build server...
2026.06.07 16:50:13 INFO  Found a Bloop server running
2026.06.07 16:50:13 INFO  tracing is disabled for protocol BSP, to enable tracing of incoming and outgoing JSON messages create an empty file at /Users/pamelavillar/Downloads/ludo-gui 2/project/.metals/bsp.trace.json or /Users/pamelavillar/Library/Caches/org.scalameta.metals/bsp.trace.json
2026.06.07 16:50:13 INFO  time: Connected to build server in 0.27s
2026.06.07 16:50:13 INFO  Connected to Build server: Bloop v2.0.19
2026.06.07 16:50:15 WARN  Using H2 2.4.240 which is newer than the version Flyway has been verified with. The latest verified version of H2 is 2.3.232.
2026.06.07 16:50:19 INFO  time: indexed workspace in 6.13s
Jun 07, 2026 4:54:00 PM org.eclipse.lsp4j.jsonrpc.RemoteEndpoint handleCancellation
WARNING: Unmatched cancel notification for request id 48
2026.06.07 16:54:01 INFO  time: code lens generation in 1.09s
2026.06.07 16:54:48 INFO  running '/Users/pamelavillar/Downloads/zulu17.66.19-ca-jdk17.0.19-macosx_aarch64 2/Contents/Home/bin/java -Djline.terminal=jline.UnsupportedTerminal -Dsbt.log.noformat=true -Dfile.encoding=UTF-8 -jar /var/folders/rh/0vzy5crd1pzby6qt7c06_nk00000gn/T/metals3042551074519074251/sbt-launch.jar -Dbloop.export-jar-classifiers=sources bloopInstall'
2026.06.07 16:54:55 INFO  [info] welcome to sbt 1.12.5 (Azul Systems, Inc. Java 17.0.19)
2026.06.07 16:54:55 INFO  [info] loading settings for project ludo-gui-2-build-build from metals.sbt...
2026.06.07 16:54:55 INFO  [info] loading project definition from /Users/pamelavillar/Downloads/ludo-gui 2/project/project
2026.06.07 16:54:55 INFO  [info] loading settings for project ludo-gui-2-build from metals.sbt...
2026.06.07 16:54:56 INFO  [info] loading project definition from /Users/pamelavillar/Downloads/ludo-gui 2/project
2026.06.07 16:54:56 INFO  [success] Generated .bloop/ludo-gui-2-build.json
2026.06.07 16:54:56 INFO  [success] Total time: 1 s, completed Jun 7, 2026, 4:54:57 PM
2026.06.07 16:54:58 INFO  [info] loading settings for project ludo-gui-2 from build.sbt...
2026.06.07 16:54:58 INFO  [info] set current project to ludo-gui (in build file:/Users/pamelavillar/Downloads/ludo-gui%202/)
2026.06.07 16:54:58 INFO  [success] Generated .bloop/ludo-gui-2.json
2026.06.07 16:54:58 INFO  [success] Generated .bloop/ludo-gui-2-test.json
2026.06.07 16:54:58 INFO  [success] Total time: 0 s, completed Jun 7, 2026, 4:54:58 PM
2026.06.07 16:54:58 INFO  time: ran 'sbt bloopInstall' in 10s
2026.06.07 16:54:58 INFO  Disconnecting from Bloop session...
2026.06.07 16:54:58 INFO  Shut down connection with build server.
2026.06.07 16:54:58 INFO  Shut down connection with build server.
2026.06.07 16:54:58 INFO  Attempting to connect to the build server...
2026.06.07 16:54:58 INFO  Found a Bloop server running
2026.06.07 16:54:58 INFO  tracing is disabled for protocol BSP, to enable tracing of incoming and outgoing JSON messages create an empty file at /Users/pamelavillar/Downloads/ludo-gui 2/.metals/bsp.trace.json or /Users/pamelavillar/Library/Caches/org.scalameta.metals/bsp.trace.json
2026.06.07 16:54:58 INFO  Attempting to connect to the build server...
2026.06.07 16:54:58 INFO  Found a Bloop server running
2026.06.07 16:54:58 INFO  tracing is disabled for protocol BSP, to enable tracing of incoming and outgoing JSON messages create an empty file at /Users/pamelavillar/Downloads/ludo-gui 2/project/.metals/bsp.trace.json or /Users/pamelavillar/Library/Caches/org.scalameta.metals/bsp.trace.json
2026.06.07 16:54:58 INFO  time: Connected to build server in 0.23s
2026.06.07 16:54:58 INFO  Connected to Build server: Bloop v2.0.19
2026.06.07 16:54:59 INFO  time: indexed workspace in 0.92s
2026.06.07 16:54:59 INFO  compiling ludo-gui-2 (7 scala sources)
2026.06.07 16:55:01 INFO  time: compiled ludo-gui-2 in 1.54s
Jun 07, 2026 4:55:55 PM org.eclipse.lsp4j.jsonrpc.RemoteEndpoint handleCancellation
WARNING: Unmatched cancel notification for request id 112
2026.06.07 16:56:56 INFO  compiling ludo-gui-2 (1 scala source)
2026.06.07 16:56:56 INFO  time: compiled ludo-gui-2 in 0.41s
2026.06.07 16:56:56 INFO  compiling ludo-gui-2 (2 scala sources)
2026.06.07 16:56:56 INFO  time: compiled ludo-gui-2 in 0.38s
2026.06.07 16:57:53 INFO  compiling ludo-gui-2 (1 scala source)
2026.06.07 16:57:53 INFO  time: compiled ludo-gui-2 in 0.38s
2026.06.07 17:12:40 INFO  compiling ludo-gui-2 (1 scala source)
2026.06.07 17:12:40 INFO  time: compiled ludo-gui-2 in 0.24s
2026.06.07 17:12:55 INFO  compiling ludo-gui-2 (1 scala source)
2026.06.07 17:12:55 INFO  time: compiled ludo-gui-2 in 0.26s
2026.06.07 17:15:33 INFO  compiling ludo-gui-2 (1 scala source)
2026.06.07 17:15:33 INFO  time: compiled ludo-gui-2 in 0.18s
2026.06.07 17:16:04 INFO  compiling ludo-gui-2 (1 scala source)
2026.06.07 17:16:04 INFO  time: compiled ludo-gui-2 in 0.17s
2026.06.07 17:19:45 INFO  compiling ludo-gui-2 (1 scala source)
2026.06.07 17:19:45 INFO  time: compiled ludo-gui-2 in 0.51s
2026.06.07 17:21:45 INFO  compiling ludo-gui-2 (1 scala source)
2026.06.07 17:21:45 INFO  time: compiled ludo-gui-2 in 0.39s
2026.06.07 17:22:52 INFO  compiling ludo-gui-2 (1 scala source)
2026.06.07 17:22:52 INFO  time: compiled ludo-gui-2 in 0.17s
2026.06.07 17:22:57 INFO  compiling ludo-gui-2 (1 scala source)
2026.06.07 17:22:57 INFO  time: compiled ludo-gui-2 in 0.12s
2026.06.07 20:43:23 INFO  compiling ludo-gui-2 (1 scala source)
2026.06.07 20:43:23 INFO  time: compiled ludo-gui-2 in 0.43s
2026.06.07 21:09:35 INFO  compiling ludo-gui-2 (1 scala source)
2026.06.07 21:09:35 INFO  time: compiled ludo-gui-2 in 0.43s
2026.06.07 21:09:54 INFO  compiling ludo-gui-2 (1 scala source)
2026.06.07 21:09:54 INFO  time: compiled ludo-gui-2 in 0.35s
2026.06.07 21:10:12 INFO  compiling ludo-gui-2 (1 scala source)
2026.06.07 21:10:12 INFO  time: compiled ludo-gui-2 in 0.35s
2026.06.07 21:19:21 INFO  compiling ludo-gui-2 (1 scala source)
2026.06.07 21:19:21 INFO  time: compiled ludo-gui-2 in 0.51s
2026.06.07 21:20:07 INFO  compiling ludo-gui-2 (1 scala source)
2026.06.07 21:20:07 INFO  time: compiled ludo-gui-2 in 0.35s
2026.06.07 21:21:09 INFO  compiling ludo-gui-2 (1 scala source)
2026.06.07 21:21:09 INFO  time: compiled ludo-gui-2 in 0.29s
2026.06.07 21:22:15 INFO  compiling ludo-gui-2 (1 scala source)
2026.06.07 21:22:15 INFO  time: compiled ludo-gui-2 in 0.31s
2026.06.07 21:22:41 INFO  compiling ludo-gui-2 (1 scala source)
2026.06.07 21:22:41 INFO  time: compiled ludo-gui-2 in 0.34s
2026.06.07 21:50:38 WARN  Could not load snapshot text for /Users/pamelavillar/Downloads/ludo-gui 2/src/main/scala/ludo/gui/components/BoardView.scala
2026.06.07 21:50:38 INFO  compiling ludo-gui-2 (1 scala source)
2026.06.07 21:50:38 INFO  time: compiled ludo-gui-2 in 0.38s
2026.06.07 21:50:49 INFO  compiling ludo-gui-2 (1 scala source)
2026.06.07 21:50:49 INFO  time: compiled ludo-gui-2 in 0.42s
2026.06.07 21:51:19 INFO  compiling ludo-gui-2 (1 scala source)
2026.06.07 21:51:19 INFO  time: compiled ludo-gui-2 in 0.36s
2026.06.07 21:51:33 INFO  compiling ludo-gui-2 (1 scala source)
2026.06.07 21:51:33 INFO  time: compiled ludo-gui-2 in 0.3s
2026.06.07 21:51:38 INFO  compiling ludo-gui-2 (1 scala source)
2026.06.07 21:51:38 INFO  time: compiled ludo-gui-2 in 0.25s
2026.06.07 21:51:51 INFO  compiling ludo-gui-2 (1 scala source)
2026.06.07 21:51:51 INFO  time: compiled ludo-gui-2 in 0.36s
2026.06.07 21:52:11 INFO  compiling ludo-gui-2 (1 scala source)
2026.06.07 21:52:11 INFO  time: compiled ludo-gui-2 in 0.33s
2026.06.07 21:52:23 INFO  compiling ludo-gui-2 (1 scala source)
2026.06.07 21:52:23 INFO  time: compiled ludo-gui-2 in 0.37s
Exception in thread "pool-8-thread-1" java.lang.InterruptedException
	at scala.meta.internal.metals.FutureCancelToken.checkCanceled(FutureCancelToken.scala:29)
	at scala.meta.internal.pc.CompilerAccess.onCompilerJobQueue$$anonfun$1(CompilerAccess.scala:208)
	at scala.meta.internal.pc.CompilerJobQueue$Job.run(CompilerJobQueue.scala:153)
	at java.base/java.util.concurrent.ThreadPoolExecutor.runWorker(ThreadPoolExecutor.java:1136)
	at java.base/java.util.concurrent.ThreadPoolExecutor$Worker.run(ThreadPoolExecutor.java:635)
	at java.base/java.lang.Thread.run(Thread.java:840)
2026.06.07 21:55:25 INFO  compiling ludo-gui-2 (1 scala source)
2026.06.07 21:55:25 INFO  time: compiled ludo-gui-2 in 0.3s
2026.06.07 21:55:36 INFO  compiling ludo-gui-2 (1 scala source)
2026.06.07 21:55:36 INFO  time: compiled ludo-gui-2 in 0.36s
2026.06.07 21:55:52 INFO  compiling ludo-gui-2 (1 scala source)
2026.06.07 21:55:52 INFO  time: compiled ludo-gui-2 in 0.3s
2026.06.07 21:56:09 INFO  compiling ludo-gui-2 (1 scala source)
2026.06.07 21:56:09 INFO  time: compiled ludo-gui-2 in 0.3s
2026.06.07 21:57:08 WARN  Could not load snapshot text for /Users/pamelavillar/Downloads/ludo-gui 2/src/main/scala/ludo/gui/components/BoardView.scala
2026.06.07 21:57:08 WARN  Could not load snapshot text for /Users/pamelavillar/Downloads/ludo-gui 2/src/main/scala/ludo/gui/components/BoardView.scala
2026.06.07 21:57:08 INFO  compiling ludo-gui-2 (1 scala source)
2026.06.07 21:57:08 WARN  Could not load snapshot text for /Users/pamelavillar/Downloads/ludo-gui 2/src/main/scala/ludo/gui/components/BoardView.scala
2026.06.07 21:57:08 INFO  time: compiled ludo-gui-2 in 0.3s
2026.06.07 21:57:26 INFO  compiling ludo-gui-2 (1 scala source)
2026.06.07 21:57:26 INFO  time: compiled ludo-gui-2 in 0.39s
2026.06.07 21:57:37 INFO  compiling ludo-gui-2 (1 scala source)
2026.06.07 21:57:37 INFO  time: compiled ludo-gui-2 in 0.38s
2026.06.07 21:59:12 INFO  compiling ludo-gui-2 (1 scala source)
2026.06.07 21:59:12 INFO  time: compiled ludo-gui-2 in 0.3s
2026.06.07 22:00:45 INFO  compiling ludo-gui-2 (1 scala source)
2026.06.07 22:00:45 INFO  time: compiled ludo-gui-2 in 0.3s
2026.06.07 22:00:59 INFO  compiling ludo-gui-2 (1 scala source)
2026.06.07 22:00:59 INFO  time: compiled ludo-gui-2 in 0.29s
2026.06.07 22:01:54 INFO  compiling ludo-gui-2 (1 scala source)
2026.06.07 22:01:54 INFO  time: compiled ludo-gui-2 in 0.28s
2026.06.07 22:02:07 INFO  compiling ludo-gui-2 (1 scala source)
2026.06.07 22:02:07 INFO  time: compiled ludo-gui-2 in 0.28s
2026.06.07 22:02:30 INFO  compiling ludo-gui-2 (1 scala source)
2026.06.07 22:02:30 INFO  time: compiled ludo-gui-2 in 0.3s
2026.06.07 22:02:47 INFO  compiling ludo-gui-2 (1 scala source)
2026.06.07 22:02:47 INFO  time: compiled ludo-gui-2 in 0.33s
2026.06.07 22:03:32 INFO  Created report: Optional[jar:file:///Users/pamelavillar/Library/Caches/Coursier/v1/https/repo1.maven.org/maven2/org/scala-lang/scala-library/2.13.16/scala-library-2.13.16-sources.jar!/scala/Predef.scala]
2026.06.07 22:03:32 INFO  java.lang.AssertionError: assertion failed (full report at: "/Users/pamelavillar/Downloads/ludo-gui 2/.metals/.reports/metals-full/2026-06-07/r_compiler-error_(ludo-gui-2-test)_22-03-32-603.md")
2026.06.07 22:03:40 INFO  compiling ludo-gui-2 (1 scala source)
2026.06.07 22:03:40 INFO  time: compiled ludo-gui-2 in 0.29s
2026.06.07 22:04:20 INFO  compiling ludo-gui-2 (1 scala source)
2026.06.07 22:04:20 INFO  time: compiled ludo-gui-2 in 0.27s
2026.06.07 22:05:01 INFO  compiling ludo-gui-2 (1 scala source)
2026.06.07 22:05:01 INFO  time: compiled ludo-gui-2 in 0.29s
2026.06.07 22:05:11 INFO  compiling ludo-gui-2 (1 scala source)
2026.06.07 22:05:11 INFO  time: compiled ludo-gui-2 in 0.41s
Jun 07, 2026 10:05:24 PM org.eclipse.lsp4j.jsonrpc.RemoteEndpoint handleCancellation
WARNING: Unmatched cancel notification for request id 4050
2026.06.07 22:05:37 INFO  compiling ludo-gui-2 (1 scala source)
2026.06.07 22:05:37 INFO  time: compiled ludo-gui-2 in 0.33s
2026.06.07 22:18:17 INFO  compiling ludo-gui-2 (1 scala source)
2026.06.07 22:18:17 INFO  time: compiled ludo-gui-2 in 0.39s
2026.06.07 22:19:13 INFO  compiling ludo-gui-2 (1 scala source)
2026.06.07 22:19:13 INFO  time: compiled ludo-gui-2 in 0.27s
2026.06.07 22:24:05 INFO  compiling ludo-gui-2 (1 scala source)
2026.06.07 22:24:05 INFO  time: compiled ludo-gui-2 in 0.27s
2026.06.07 22:24:27 INFO  compiling ludo-gui-2 (1 scala source)
2026.06.07 22:24:27 INFO  time: compiled ludo-gui-2 in 0.32s
2026.06.07 22:25:51 INFO  compiling ludo-gui-2 (1 scala source)
2026.06.07 22:25:51 INFO  time: compiled ludo-gui-2 in 0.35s
2026.06.07 22:26:48 INFO  compiling ludo-gui-2 (1 scala source)
2026.06.07 22:26:48 INFO  time: compiled ludo-gui-2 in 0.3s
Jun 07, 2026 10:28:06 PM org.eclipse.lsp4j.jsonrpc.RemoteEndpoint handleCancellation
WARNING: Unmatched cancel notification for request id 5464
2026.06.07 22:28:07 INFO  compiling ludo-gui-2 (1 scala source)
2026.06.07 22:28:07 INFO  time: compiled ludo-gui-2 in 0.28s
2026.06.07 22:28:37 INFO  compiling ludo-gui-2 (1 scala source)
2026.06.07 22:28:37 INFO  time: compiled ludo-gui-2 in 0.33s
2026.06.07 22:28:48 INFO  compiling ludo-gui-2 (1 scala source)
2026.06.07 22:28:48 INFO  time: compiled ludo-gui-2 in 0.33s
2026.06.07 22:29:30 INFO  compiling ludo-gui-2 (1 scala source)
2026.06.07 22:29:30 INFO  time: compiled ludo-gui-2 in 0.28s
2026.06.07 22:30:06 INFO  compiling ludo-gui-2 (1 scala source)
2026.06.07 22:30:06 INFO  time: compiled ludo-gui-2 in 0.28s
2026.06.07 22:30:20 INFO  compiling ludo-gui-2 (1 scala source)
2026.06.07 22:30:20 INFO  time: compiled ludo-gui-2 in 0.34s
2026.06.07 22:30:44 INFO  compiling ludo-gui-2 (1 scala source)
2026.06.07 22:30:44 INFO  time: compiled ludo-gui-2 in 0.33s
2026.06.07 22:31:21 INFO  compiling ludo-gui-2 (1 scala source)
2026.06.07 22:31:21 INFO  time: compiled ludo-gui-2 in 0.28s
2026.06.07 22:31:36 INFO  compiling ludo-gui-2 (1 scala source)
2026.06.07 22:31:36 INFO  time: compiled ludo-gui-2 in 0.28s
2026.06.07 22:31:59 INFO  compiling ludo-gui-2 (1 scala source)
2026.06.07 22:31:59 INFO  time: compiled ludo-gui-2 in 0.31s
2026.06.07 22:32:18 INFO  compiling ludo-gui-2 (1 scala source)
2026.06.07 22:32:18 INFO  time: compiled ludo-gui-2 in 0.32s
2026.06.07 22:32:34 INFO  compiling ludo-gui-2 (1 scala source)
2026.06.07 22:32:34 INFO  time: compiled ludo-gui-2 in 0.33s
Jun 07, 2026 10:33:20 PM org.eclipse.lsp4j.jsonrpc.RemoteEndpoint handleCancellation
WARNING: Unmatched cancel notification for request id 6419
2026.06.07 22:34:07 INFO  compiling ludo-gui-2 (1 scala source)
2026.06.07 22:34:07 INFO  time: compiled ludo-gui-2 in 0.34s
2026.06.07 22:34:40 INFO  compiling ludo-gui-2 (1 scala source)
2026.06.07 22:34:40 INFO  time: compiled ludo-gui-2 in 0.26s
2026.06.07 22:34:47 INFO  compiling ludo-gui-2 (1 scala source)
2026.06.07 22:34:47 INFO  time: compiled ludo-gui-2 in 0.26s
2026.06.07 22:34:58 INFO  compiling ludo-gui-2 (1 scala source)
2026.06.07 22:34:58 INFO  time: compiled ludo-gui-2 in 0.29s
2026.06.07 22:35:12 INFO  compiling ludo-gui-2 (1 scala source)
2026.06.07 22:35:12 INFO  time: compiled ludo-gui-2 in 0.34s
2026.06.07 22:35:42 INFO  compiling ludo-gui-2 (1 scala source)
2026.06.07 22:35:42 INFO  time: compiled ludo-gui-2 in 0.3s
2026.06.07 22:36:19 INFO  compiling ludo-gui-2 (1 scala source)
2026.06.07 22:36:19 INFO  time: compiled ludo-gui-2 in 0.28s
2026.06.07 22:37:06 INFO  compiling ludo-gui-2 (1 scala source)
2026.06.07 22:37:06 INFO  time: compiled ludo-gui-2 in 0.28s
2026.06.07 22:37:56 INFO  compiling ludo-gui-2 (1 scala source)
2026.06.07 22:37:56 INFO  time: compiled ludo-gui-2 in 0.35s
2026.06.07 22:38:35 INFO  compiling ludo-gui-2 (1 scala source)
2026.06.07 22:38:35 INFO  time: compiled ludo-gui-2 in 0.27s
2026.06.07 22:39:05 INFO  compiling ludo-gui-2 (1 scala source)
2026.06.07 22:39:05 INFO  time: compiled ludo-gui-2 in 0.3s
2026.06.07 22:39:28 INFO  compiling ludo-gui-2 (1 scala source)
2026.06.07 22:39:28 INFO  time: compiled ludo-gui-2 in 0.32s
2026.06.07 22:39:33 INFO  compiling ludo-gui-2 (1 scala source)
2026.06.07 22:39:33 INFO  time: compiled ludo-gui-2 in 0.22s
2026.06.07 22:39:42 INFO  compiling ludo-gui-2 (1 scala source)
2026.06.07 22:39:42 INFO  time: compiled ludo-gui-2 in 0.28s
2026.06.07 22:40:20 INFO  compiling ludo-gui-2 (1 scala source)
2026.06.07 22:40:20 INFO  time: compiled ludo-gui-2 in 0.31s
2026.06.07 22:40:42 INFO  compiling ludo-gui-2 (1 scala source)
2026.06.07 22:40:42 INFO  time: compiled ludo-gui-2 in 0.32s
2026.06.07 22:41:10 INFO  compiling ludo-gui-2 (1 scala source)
2026.06.07 22:41:10 INFO  time: compiled ludo-gui-2 in 0.34s
2026.06.07 22:42:57 INFO  compiling ludo-gui-2 (1 scala source)
2026.06.07 22:42:57 INFO  time: compiled ludo-gui-2 in 0.19s
Jun 07, 2026 10:43:14 PM org.eclipse.lsp4j.jsonrpc.RemoteEndpoint handleCancellation
WARNING: Unmatched cancel notification for request id 7908
2026.06.07 22:44:24 INFO  compiling ludo-gui-2 (1 scala source)
2026.06.07 22:44:24 INFO  time: compiled ludo-gui-2 in 0.27s
2026.06.07 22:44:51 INFO  compiling ludo-gui-2 (1 scala source)
2026.06.07 22:44:51 INFO  time: compiled ludo-gui-2 in 0.19s
Jun 07, 2026 10:45:14 PM org.eclipse.lsp4j.jsonrpc.RemoteEndpoint handleCancellation
WARNING: Unmatched cancel notification for request id 8050
2026.06.07 22:45:17 INFO  compiling ludo-gui-2 (1 scala source)
2026.06.07 22:45:17 INFO  time: compiled ludo-gui-2 in 0.18s
2026.06.07 22:45:42 INFO  compiling ludo-gui-2 (1 scala source)
2026.06.07 22:45:42 INFO  time: compiled ludo-gui-2 in 0.3s
2026.06.07 22:46:40 INFO  compiling ludo-gui-2 (1 scala source)
2026.06.07 22:46:40 INFO  time: compiled ludo-gui-2 in 0.28s
2026.06.07 22:53:14 INFO  compiling ludo-gui-2 (1 scala source)
2026.06.07 22:53:14 INFO  time: compiled ludo-gui-2 in 0.28s
2026.06.07 22:53:25 INFO  compiling ludo-gui-2 (1 scala source)
2026.06.07 22:53:25 INFO  time: compiled ludo-gui-2 in 0.37s
2026.06.07 22:53:31 INFO  compiling ludo-gui-2 (1 scala source)
2026.06.07 22:53:31 INFO  time: compiled ludo-gui-2 in 0.24s
Jun 07, 2026 10:56:40 PM org.eclipse.lsp4j.jsonrpc.RemoteEndpoint handleCancellation
WARNING: Unmatched cancel notification for request id 8619
2026.06.07 22:59:50 INFO  compiling ludo-gui-2 (1 scala source)
2026.06.07 22:59:50 INFO  time: compiled ludo-gui-2 in 0.36s
2026.06.07 23:00:26 INFO  compiling ludo-gui-2 (1 scala source)
2026.06.07 23:00:26 INFO  time: compiled ludo-gui-2 in 0.27s
2026.06.07 23:06:41 INFO  compiling ludo-gui-2 (1 scala source)
2026.06.07 23:06:41 INFO  time: compiled ludo-gui-2 in 0.25s
2026.06.07 23:07:12 INFO  compiling ludo-gui-2 (1 scala source)
2026.06.07 23:07:12 INFO  time: compiled ludo-gui-2 in 0.35s
2026.06.07 23:07:58 INFO  compiling ludo-gui-2 (1 scala source)
2026.06.07 23:07:58 INFO  time: compiled ludo-gui-2 in 0.32s
2026.06.07 23:08:21 INFO  compiling ludo-gui-2 (1 scala source)
2026.06.07 23:08:21 INFO  time: compiled ludo-gui-2 in 0.34s
Jun 07, 2026 11:10:49 PM org.eclipse.lsp4j.jsonrpc.RemoteEndpoint handleCancellation
WARNING: Unmatched cancel notification for request id 9093
2026.06.07 23:19:16 INFO  compiling ludo-gui-2 (1 scala source)
2026.06.07 23:19:16 INFO  time: compiled ludo-gui-2 in 0.3s
2026.06.07 23:19:43 INFO  compiling ludo-gui-2 (1 scala source)
2026.06.07 23:19:43 INFO  time: compiled ludo-gui-2 in 0.28s
2026.06.07 23:21:47 INFO  compiling ludo-gui-2 (1 scala source)
2026.06.07 23:21:47 INFO  time: compiled ludo-gui-2 in 0.35s
2026.06.07 23:22:11 INFO  compiling ludo-gui-2 (1 scala source)
2026.06.07 23:22:11 INFO  time: compiled ludo-gui-2 in 0.32s
2026.06.07 23:23:06 INFO  compiling ludo-gui-2 (1 scala source)
2026.06.07 23:23:06 INFO  time: compiled ludo-gui-2 in 0.31s
2026.06.07 23:23:52 INFO  compiling ludo-gui-2 (1 scala source)
2026.06.07 23:23:52 INFO  time: compiled ludo-gui-2 in 0.19s
2026.06.07 23:24:27 INFO  compiling ludo-gui-2 (1 scala source)
2026.06.07 23:24:27 INFO  time: compiled ludo-gui-2 in 0.17s
2026.06.07 23:24:45 INFO  compiling ludo-gui-2 (1 scala source)
2026.06.07 23:24:45 INFO  time: compiled ludo-gui-2 in 0.18s
2026.06.07 23:25:09 INFO  compiling ludo-gui-2 (1 scala source)
2026.06.07 23:25:09 INFO  time: compiled ludo-gui-2 in 0.2s
2026.06.07 23:26:15 INFO  compiling ludo-gui-2 (1 scala source)
2026.06.07 23:26:15 INFO  time: compiled ludo-gui-2 in 0.3s
2026.06.07 23:26:27 INFO  compiling ludo-gui-2 (1 scala source)
2026.06.07 23:26:27 INFO  time: compiled ludo-gui-2 in 0.32s
Jun 09, 2026 8:14:55 PM org.eclipse.lsp4j.jsonrpc.services.GenericEndpoint notify
INFO: Unsupported notification method: $/setTrace
2026.06.12 00:27:14 INFO  Shutting down server
2026.06.12 00:27:14 INFO  Memory monitor stopped
2026.06.12 00:27:14 INFO  shutting down Metals
2026.06.12 00:27:14 INFO  Shut down connection with build server.
2026.06.12 00:27:14 INFO  Shut down connection with build server.
2026.06.12 00:27:14 INFO  Exiting server
2026.06.12 07:45:24 INFO  Started: Metals version 1.6.7 in folders '/Users/pamelavillar/Downloads/ludo-gui 2' for client Visual Studio Code 1.95.3.
2026.06.12 07:45:24 INFO  Memory monitor started
2026.06.12 07:45:25 WARN  Using H2 2.4.240 which is newer than the version Flyway has been verified with. The latest verified version of H2 is 2.3.232.
2026.06.12 07:45:25 INFO  no build target found for /Users/pamelavillar/Downloads/ludo-gui 2/src/main/scala/ludo/gui/LudoApp.scala. Using presentation compiler with project's scala-library version: 3.3.7
Jun 12, 2026 7:45:34 AM org.eclipse.lsp4j.jsonrpc.services.GenericEndpoint notify
INFO: Unsupported notification method: $/setTrace
2026.06.12 07:45:34 INFO  Attempting to connect to the build server...
2026.06.12 07:45:34 INFO  No running Bloop server found, starting one.
2026.06.12 07:45:35 INFO  Starting compilation server
2026.06.12 07:45:36 INFO  restarted 1 presentation compiler
2026.06.12 07:45:36 INFO  tracing is disabled for protocol BSP, to enable tracing of incoming and outgoing JSON messages create an empty file at /Users/pamelavillar/Downloads/ludo-gui 2/.metals/bsp.trace.json or /Users/pamelavillar/Library/Caches/org.scalameta.metals/bsp.trace.json
2026.06.12 07:45:37 INFO  Attempting to connect to the build server...
2026.06.12 07:45:37 INFO  Found a Bloop server running
2026.06.12 07:45:37 INFO  tracing is disabled for protocol BSP, to enable tracing of incoming and outgoing JSON messages create an empty file at /Users/pamelavillar/Downloads/ludo-gui 2/project/.metals/bsp.trace.json or /Users/pamelavillar/Library/Caches/org.scalameta.metals/bsp.trace.json
2026.06.12 07:45:36 INFO  time: Connected to build server in 2.95s
2026.06.12 07:45:37 INFO  Connected to Build server: Bloop v2.0.19
2026.06.12 07:45:37 INFO  time: Imported build in 0.11s
2026.06.12 07:45:38 WARN  Using H2 2.4.240 which is newer than the version Flyway has been verified with. The latest verified version of H2 is 2.3.232.
2026.06.12 07:45:38 INFO  time: indexed workspace in 2s
2026.06.12 07:48:08 INFO  Shutting down server
2026.06.12 07:48:08 INFO  Memory monitor stopped
2026.06.12 07:48:08 INFO  shutting down Metals
2026.06.12 07:48:08 INFO  Shut down connection with build server.
2026.06.12 07:48:08 INFO  Shut down connection with build server.
2026.06.12 07:48:08 INFO  Exiting server
2026.06.16 07:03:24 INFO  Started: Metals version 1.6.7 in folders '/Users/pamelavillar/Downloads/ludo-gui 2' for client Visual Studio Code 1.95.3.
2026.06.16 07:03:24 INFO  Memory monitor started
2026.06.16 07:03:24 WARN  Using H2 2.4.240 which is newer than the version Flyway has been verified with. The latest verified version of H2 is 2.3.232.
2026.06.16 07:03:24 INFO  no build target found for /Users/pamelavillar/Downloads/ludo-gui 2/src/main/scala/ludo/gui/LudoApp.scala. Using presentation compiler with project's scala-library version: 3.3.7
Jun 16, 2026 7:03:26 AM org.eclipse.lsp4j.jsonrpc.services.GenericEndpoint notify
INFO: Unsupported notification method: $/setTrace
Jun 16, 2026 7:03:26 AM org.eclipse.lsp4j.jsonrpc.RemoteEndpoint handleCancellation
WARNING: Unmatched cancel notification for request id 1
2026.06.16 07:03:26 INFO  no build target found for /Users/pamelavillar/Downloads/ludo-gui 2/src/main/scala/ludo/gui/LudoApp.scala. Using presentation compiler with project's scala-library version: 3.3.7
2026.06.16 07:03:26 INFO  Attempting to connect to the build server...
2026.06.16 07:03:26 INFO  Found a Bloop server running
Jun 16, 2026 7:03:26 AM org.eclipse.lsp4j.jsonrpc.RemoteEndpoint handleCancellation
WARNING: Unmatched cancel notification for request id 2
2026.06.16 07:03:26 INFO  no build target found for /Users/pamelavillar/Downloads/ludo-gui 2/src/main/scala/ludo/gui/LudoApp.scala. Using presentation compiler with project's scala-library version: 3.3.7
Jun 16, 2026 7:03:27 AM org.eclipse.lsp4j.jsonrpc.RemoteEndpoint handleCancellation
WARNING: Unmatched cancel notification for request id 8
2026.06.16 07:03:27 INFO  tracing is disabled for protocol BSP, to enable tracing of incoming and outgoing JSON messages create an empty file at /Users/pamelavillar/Downloads/ludo-gui 2/.metals/bsp.trace.json or /Users/pamelavillar/Library/Caches/org.scalameta.metals/bsp.trace.json
2026.06.16 07:03:26 INFO  Attempting to connect to the build server...
2026.06.16 07:03:26 INFO  Found a Bloop server running
2026.06.16 07:03:27 INFO  tracing is disabled for protocol BSP, to enable tracing of incoming and outgoing JSON messages create an empty file at /Users/pamelavillar/Downloads/ludo-gui 2/project/.metals/bsp.trace.json or /Users/pamelavillar/Library/Caches/org.scalameta.metals/bsp.trace.json
2026.06.16 07:03:27 INFO  time: Connected to build server in 0.29s
2026.06.16 07:03:27 INFO  Connected to Build server: Bloop v2.0.19
2026.06.16 07:03:28 WARN  Using H2 2.4.240 which is newer than the version Flyway has been verified with. The latest verified version of H2 is 2.3.232.
2026.06.16 07:03:28 INFO  time: indexed workspace in 2.19s
2026.06.16 07:04:46 INFO  no build target found for /Users/pamelavillar/Downloads/ludo-gui 2/project/metals.sbt. Using presentation compiler with project's scala-library version: 3.3.7
2026.06.16 07:04:46 INFO  no build target found for /Users/pamelavillar/Downloads/ludo-gui 2/project/metals.sbt. Using presentation compiler with project's scala-library version: 3.3.7
2026.06.16 07:04:46 WARN  no build target for: /Users/pamelavillar/Downloads/ludo-gui 2/project/metals.sbt
2026.06.16 07:04:51 INFO  no build target found for /Users/pamelavillar/Downloads/ludo-gui 2/project/metals.sbt. Using presentation compiler with project's scala-library version: 3.3.7
2026.06.16 07:14:26 INFO  no build target found for /Users/pamelavillar/Downloads/ludo-gui 2/prueba.scala. Using presentation compiler with project's scala-library version: 3.3.7
2026.06.16 07:14:26 WARN  no build target for: /Users/pamelavillar/Downloads/ludo-gui 2/prueba.scala
2026.06.16 07:14:37 INFO  no build target found for /Users/pamelavillar/Downloads/ludo-gui 2/prueba.scala. Using presentation compiler with project's scala-library version: 3.3.7
2026.06.16 07:14:37 INFO  no build target found for /Users/pamelavillar/Downloads/ludo-gui 2/prueba.scala. Using presentation compiler with project's scala-library version: 3.3.7
2026.06.16 07:14:37 INFO  no build target found for /Users/pamelavillar/Downloads/ludo-gui 2/prueba.scala. Using presentation compiler with project's scala-library version: 3.3.7
2026.06.16 07:14:38 WARN  no build target for: /Users/pamelavillar/Downloads/ludo-gui 2/prueba.scala
2026.06.16 07:14:38 INFO  skipping build import with status 'Installed'
2026.06.16 07:14:49 INFO  no build target found for /Users/pamelavillar/Downloads/ludo-gui 2/prueba.scala. Using presentation compiler with project's scala-library version: 3.3.7
2026.06.16 07:14:49 INFO  no build target found for /Users/pamelavillar/Downloads/ludo-gui 2/prueba.scala. Using presentation compiler with project's scala-library version: 3.3.7
2026.06.16 07:14:49 INFO  no build target found for /Users/pamelavillar/Downloads/ludo-gui 2/prueba.scala. Using presentation compiler with project's scala-library version: 3.3.7
2026.06.16 07:14:58 INFO  no build target found for /Users/pamelavillar/Downloads/ludo-gui 2/prueba.scala. Using presentation compiler with project's scala-library version: 3.3.7
2026.06.16 07:15:03 INFO  no build target found for /Users/pamelavillar/Downloads/ludo-gui 2/prueba.scala. Using presentation compiler with project's scala-library version: 3.3.7
2026.06.16 07:15:03 INFO  no build target found for /Users/pamelavillar/Downloads/ludo-gui 2/prueba.scala. Using presentation compiler with project's scala-library version: 3.3.7
2026.06.16 07:15:03 INFO  no build target found for /Users/pamelavillar/Downloads/ludo-gui 2/prueba.scala. Using presentation compiler with project's scala-library version: 3.3.7
2026.06.16 07:15:08 INFO  no build target found for /Users/pamelavillar/Downloads/ludo-gui 2/prueba.scala. Using presentation compiler with project's scala-library version: 3.3.7
2026.06.16 07:15:08 INFO  no build target found for /Users/pamelavillar/Downloads/ludo-gui 2/prueba.scala. Using presentation compiler with project's scala-library version: 3.3.7
2026.06.16 07:15:08 INFO  no build target found for /Users/pamelavillar/Downloads/ludo-gui 2/prueba.scala. Using presentation compiler with project's scala-library version: 3.3.7
2026.06.16 07:15:08 INFO  no build target found for /Users/pamelavillar/Downloads/ludo-gui 2/prueba.scala. Using presentation compiler with project's scala-library version: 3.3.7
2026.06.16 07:15:09 INFO  no build target found for /Users/pamelavillar/Downloads/ludo-gui 2/prueba.scala. Using presentation compiler with project's scala-library version: 3.3.7
2026.06.16 07:15:10 INFO  no build target found for /Users/pamelavillar/Downloads/ludo-gui 2/prueba.scala. Using presentation compiler with project's scala-library version: 3.3.7
2026.06.16 07:15:11 INFO  no build target found for /Users/pamelavillar/Downloads/ludo-gui 2/prueba.scala. Using presentation compiler with project's scala-library version: 3.3.7
2026.06.16 07:15:10 INFO  no build target found for /Users/pamelavillar/Downloads/ludo-gui 2/prueba.scala. Using presentation compiler with project's scala-library version: 3.3.7
2026.06.16 07:15:11 INFO  Created report: Optional[file:///Users/pamelavillar/Downloads/ludo-gui%202/prueba.scala]
2026.06.16 07:15:11 INFO  empty definition using pc, found symbol in pc:  (full report at: "/Users/pamelavillar/Downloads/ludo-gui 2/.metals/.reports/metals-full/2026-06-16/r_empty-definition_07-15-11-515.md")
2026.06.16 07:15:14 INFO  no build target found for /Users/pamelavillar/Downloads/ludo-gui 2/prueba.scala. Using presentation compiler with project's scala-library version: 3.3.7
2026.06.16 07:15:14 INFO  no build target found for /Users/pamelavillar/Downloads/ludo-gui 2/prueba.scala. Using presentation compiler with project's scala-library version: 3.3.7
2026.06.16 07:15:17 INFO  no build target found for /Users/pamelavillar/Downloads/ludo-gui 2/prueba.scala. Using presentation compiler with project's scala-library version: 3.3.7
2026.06.16 07:15:17 INFO  no build target found for /Users/pamelavillar/Downloads/ludo-gui 2/prueba.scala. Using presentation compiler with project's scala-library version: 3.3.7
2026.06.16 07:15:18 INFO  no build target found for /Users/pamelavillar/Downloads/ludo-gui 2/prueba.scala. Using presentation compiler with project's scala-library version: 3.3.7
2026.06.16 07:15:18 INFO  no build target found for /Users/pamelavillar/Downloads/ludo-gui 2/prueba.scala. Using presentation compiler with project's scala-library version: 3.3.7
2026.06.16 07:15:20 INFO  no build target found for /Users/pamelavillar/Downloads/ludo-gui 2/prueba.scala. Using presentation compiler with project's scala-library version: 3.3.7
2026.06.16 07:15:20 INFO  no build target found for /Users/pamelavillar/Downloads/ludo-gui 2/prueba.scala. Using presentation compiler with project's scala-library version: 3.3.7
2026.06.16 07:15:20 INFO  no build target found for /Users/pamelavillar/Downloads/ludo-gui 2/prueba.scala. Using presentation compiler with project's scala-library version: 3.3.7
2026.06.16 07:15:21 INFO  no build target found for /Users/pamelavillar/Downloads/ludo-gui 2/prueba.scala. Using presentation compiler with project's scala-library version: 3.3.7
2026.06.16 07:15:21 INFO  no build target found for /Users/pamelavillar/Downloads/ludo-gui 2/prueba.scala. Using presentation compiler with project's scala-library version: 3.3.7
2026.06.16 07:15:21 INFO  no build target found for /Users/pamelavillar/Downloads/ludo-gui 2/prueba.scala. Using presentation compiler with project's scala-library version: 3.3.7
2026.06.16 07:15:21 INFO  no build target found for /Users/pamelavillar/Downloads/ludo-gui 2/prueba.scala. Using presentation compiler with project's scala-library version: 3.3.7
2026.06.16 07:15:21 INFO  no build target found for /Users/pamelavillar/Downloads/ludo-gui 2/prueba.scala. Using presentation compiler with project's scala-library version: 3.3.7
2026.06.16 07:15:22 INFO  no build target found for /Users/pamelavillar/Downloads/ludo-gui 2/prueba.scala. Using presentation compiler with project's scala-library version: 3.3.7
2026.06.16 07:16:01 INFO  no build target found for /Users/pamelavillar/Downloads/ludo-gui 2/prueba.scala. Using presentation compiler with project's scala-library version: 3.3.7
2026.06.16 07:16:21 INFO  no build target found for /Users/pamelavillar/Downloads/ludo-gui 2/prueba.scala. Using presentation compiler with project's scala-library version: 3.3.7
2026.06.16 07:16:40 INFO  no build target found for /Users/pamelavillar/Downloads/ludo-gui 2/prueba.scala. Using presentation compiler with project's scala-library version: 3.3.7
2026.06.16 07:16:40 INFO  no build target found for /Users/pamelavillar/Downloads/ludo-gui 2/prueba.scala. Using presentation compiler with project's scala-library version: 3.3.7
2026.06.16 07:16:51 INFO  no build target found for /Users/pamelavillar/Downloads/ludo-gui 2/prueba.scala. Using presentation compiler with project's scala-library version: 3.3.7
2026.06.16 07:17:00 INFO  no build target found for /Users/pamelavillar/Downloads/ludo-gui 2/prueba.scala. Using presentation compiler with project's scala-library version: 3.3.7
2026.06.16 07:17:00 INFO  no build target found for /Users/pamelavillar/Downloads/ludo-gui 2/prueba.scala. Using presentation compiler with project's scala-library version: 3.3.7
2026.06.16 07:17:00 INFO  no build target found for /Users/pamelavillar/Downloads/ludo-gui 2/prueba.scala. Using presentation compiler with project's scala-library version: 3.3.7
2026.06.16 07:17:01 INFO  no build target found for /Users/pamelavillar/Downloads/ludo-gui 2/prueba.scala. Using presentation compiler with project's scala-library version: 3.3.7
2026.06.16 07:17:01 INFO  no build target found for /Users/pamelavillar/Downloads/ludo-gui 2/prueba.scala. Using presentation compiler with project's scala-library version: 3.3.7
2026.06.16 07:17:01 INFO  no build target found for /Users/pamelavillar/Downloads/ludo-gui 2/prueba.scala. Using presentation compiler with project's scala-library version: 3.3.7
2026.06.16 07:17:01 INFO  no build target found for /Users/pamelavillar/Downloads/ludo-gui 2/prueba.scala. Using presentation compiler with project's scala-library version: 3.3.7
2026.06.16 07:17:02 INFO  no build target found for /Users/pamelavillar/Downloads/ludo-gui 2/prueba.scala. Using presentation compiler with project's scala-library version: 3.3.7
2026.06.16 07:17:06 INFO  no build target found for /Users/pamelavillar/Downloads/ludo-gui 2/prueba.scala. Using presentation compiler with project's scala-library version: 3.3.7
2026.06.16 07:17:08 INFO  no build target found for /Users/pamelavillar/Downloads/ludo-gui 2/prueba.scala. Using presentation compiler with project's scala-library version: 3.3.7
2026.06.16 07:18:17 INFO  no build target found for /Users/pamelavillar/Downloads/ludo-gui 2/prueba.scala. Using presentation compiler with project's scala-library version: 3.3.7
2026.06.16 07:18:23 INFO  no build target found for /Users/pamelavillar/Downloads/ludo-gui 2/prueba.scala. Using presentation compiler with project's scala-library version: 3.3.7
2026.06.16 07:18:26 INFO  no build target found for /Users/pamelavillar/Downloads/ludo-gui 2/prueba.scala. Using presentation compiler with project's scala-library version: 3.3.7
2026.06.16 07:18:26 INFO  no build target found for /Users/pamelavillar/Downloads/ludo-gui 2/prueba.scala. Using presentation compiler with project's scala-library version: 3.3.7
2026.06.16 07:18:27 INFO  Created report: Optional[file:///Users/pamelavillar/Downloads/ludo-gui%202/prueba.scala]
2026.06.16 07:18:27 INFO  empty definition using pc, found symbol in pc:  (full report at: "/Users/pamelavillar/Downloads/ludo-gui 2/.metals/.reports/metals-full/2026-06-16/r_empty-definition_07-18-27-134.md")
2026.06.16 07:18:28 INFO  no build target found for /Users/pamelavillar/Downloads/ludo-gui 2/prueba.scala. Using presentation compiler with project's scala-library version: 3.3.7
2026.06.16 07:18:31 INFO  no build target found for /Users/pamelavillar/Downloads/ludo-gui 2/prueba.scala. Using presentation compiler with project's scala-library version: 3.3.7
2026.06.16 07:18:31 INFO  no build target found for /Users/pamelavillar/Downloads/ludo-gui 2/prueba.scala. Using presentation compiler with project's scala-library version: 3.3.7
2026.06.16 07:22:04 INFO  no build target found for /Users/pamelavillar/Downloads/ludo-gui 2/prueba.scala. Using presentation compiler with project's scala-library version: 3.3.7
2026.06.16 07:22:04 INFO  no build target found for /Users/pamelavillar/Downloads/ludo-gui 2/prueba.scala. Using presentation compiler with project's scala-library version: 3.3.7
2026.06.16 07:22:39 INFO  no build target found for /Users/pamelavillar/Downloads/ludo-gui 2/prueba.scala. Using presentation compiler with project's scala-library version: 3.3.7
2026.06.16 07:23:03 INFO  no build target found for /Users/pamelavillar/Downloads/ludo-gui 2/prueba.scala. Using presentation compiler with project's scala-library version: 3.3.7
2026.06.16 07:23:03 INFO  no build target found for /Users/pamelavillar/Downloads/ludo-gui 2/prueba.scala. Using presentation compiler with project's scala-library version: 3.3.7
2026.06.16 07:23:04 INFO  no build target found for /Users/pamelavillar/Downloads/ludo-gui 2/prueba.scala. Using presentation compiler with project's scala-library version: 3.3.7
2026.06.16 07:23:05 INFO  no build target found for /Users/pamelavillar/Downloads/ludo-gui 2/prueba.scala. Using presentation compiler with project's scala-library version: 3.3.7
2026.06.16 07:23:23 INFO  no build target found for /Users/pamelavillar/Downloads/ludo-gui 2/prueba.scala. Using presentation compiler with project's scala-library version: 3.3.7
2026.06.16 07:23:23 WARN  no build target for: /Users/pamelavillar/Downloads/ludo-gui 2/prueba.scala
2026.06.16 07:23:23 INFO  no build target found for /Users/pamelavillar/Downloads/ludo-gui 2/prueba.scala. Using presentation compiler with project's scala-library version: 3.3.7
2026.06.16 07:23:24 INFO  no build target found for /Users/pamelavillar/Downloads/ludo-gui 2/prueba.scala. Using presentation compiler with project's scala-library version: 3.3.7
2026.06.16 07:23:24 INFO  no build target found for /Users/pamelavillar/Downloads/ludo-gui 2/prueba.scala. Using presentation compiler with project's scala-library version: 3.3.7
2026.06.16 07:23:25 INFO  no build target found for /Users/pamelavillar/Downloads/ludo-gui 2/prueba.scala. Using presentation compiler with project's scala-library version: 3.3.7
2026.06.16 07:23:36 INFO  no build target found for /Users/pamelavillar/Downloads/ludo-gui 2/prueba.scala. Using presentation compiler with project's scala-library version: 3.3.7
2026.06.16 07:23:36 INFO  no build target found for /Users/pamelavillar/Downloads/ludo-gui 2/prueba.scala. Using presentation compiler with project's scala-library version: 3.3.7
2026.06.16 07:23:36 INFO  no build target found for /Users/pamelavillar/Downloads/ludo-gui 2/prueba.scala. Using presentation compiler with project's scala-library version: 3.3.7
2026.06.16 07:23:36 INFO  no build target found for /Users/pamelavillar/Downloads/ludo-gui 2/prueba.scala. Using presentation compiler with project's scala-library version: 3.3.7
2026.06.16 07:23:38 INFO  no build target found for /Users/pamelavillar/Downloads/ludo-gui 2/prueba.scala. Using presentation compiler with project's scala-library version: 3.3.7
2026.06.16 07:23:39 WARN  Could not find 'Pos' using presentation compiler nor semanticdb. Trying to guess the definition using available information from local class context. 
2026.06.16 07:23:39 INFO  empty definition using pc, found symbol in pc:  (full report at: "/Users/pamelavillar/Downloads/ludo-gui 2/.metals/.reports/metals-full/2026-06-16/r_empty-definition_07-15-11-515.md")
2026.06.16 07:23:39 INFO  no build target found for /Users/pamelavillar/Downloads/ludo-gui 2/prueba.scala. Using presentation compiler with project's scala-library version: 3.3.7
2026.06.16 07:23:39 INFO  no build target found for /Users/pamelavillar/Downloads/ludo-gui 2/prueba.scala. Using presentation compiler with project's scala-library version: 3.3.7
2026.06.16 07:23:39 WARN  Could not find 'Pos' using presentation compiler nor semanticdb. Trying to guess the definition using available information from local class context. 
2026.06.16 07:23:39 INFO  empty definition using pc, found symbol in pc:  (full report at: "/Users/pamelavillar/Downloads/ludo-gui 2/.metals/.reports/metals-full/2026-06-16/r_empty-definition_07-15-11-515.md")
2026.06.16 07:23:44 INFO  no build target found for /Users/pamelavillar/Downloads/ludo-gui 2/prueba.scala. Using presentation compiler with project's scala-library version: 3.3.7
2026.06.16 07:23:44 INFO  no build target found for /Users/pamelavillar/Downloads/ludo-gui 2/prueba.scala. Using presentation compiler with project's scala-library version: 3.3.7
2026.06.16 07:23:44 WARN  no build target for: /Users/pamelavillar/Downloads/ludo-gui 2/prueba.scala
2026.06.16 07:23:44 INFO  no build target found for /Users/pamelavillar/Downloads/ludo-gui 2/prueba.scala. Using presentation compiler with project's scala-library version: 3.3.7
2026.06.16 07:23:58 INFO  no build target found for /Users/pamelavillar/Downloads/ludo-gui 2/prueba.scala. Using presentation compiler with project's scala-library version: 3.3.7
2026.06.16 07:24:00 INFO  no build target found for /Users/pamelavillar/Downloads/ludo-gui 2/prueba.scala. Using presentation compiler with project's scala-library version: 3.3.7
2026.06.16 07:24:00 INFO  no build target found for /Users/pamelavillar/Downloads/ludo-gui 2/prueba.scala. Using presentation compiler with project's scala-library version: 3.3.7
2026.06.16 07:24:00 INFO  no build target found for /Users/pamelavillar/Downloads/ludo-gui 2/prueba.scala. Using presentation compiler with project's scala-library version: 3.3.7
2026.06.16 07:24:00 INFO  no build target found for /Users/pamelavillar/Downloads/ludo-gui 2/prueba.scala. Using presentation compiler with project's scala-library version: 3.3.7
2026.06.16 07:24:02 INFO  no build target found for /Users/pamelavillar/Downloads/ludo-gui 2/prueba.scala. Using presentation compiler with project's scala-library version: 3.3.7
2026.06.16 07:24:02 INFO  no build target found for /Users/pamelavillar/Downloads/ludo-gui 2/prueba.scala. Using presentation compiler with project's scala-library version: 3.3.7
2026.06.16 07:24:07 INFO  no build target found for /Users/pamelavillar/Downloads/ludo-gui 2/prueba.scala. Using presentation compiler with project's scala-library version: 3.3.7
2026.06.16 07:24:07 INFO  no build target found for /Users/pamelavillar/Downloads/ludo-gui 2/prueba.scala. Using presentation compiler with project's scala-library version: 3.3.7
2026.06.16 07:24:07 INFO  no build target found for /Users/pamelavillar/Downloads/ludo-gui 2/prueba.scala. Using presentation compiler with project's scala-library version: 3.3.7
2026.06.16 07:24:07 WARN  Could not find 'BaseZone' using presentation compiler nor semanticdb. Trying to guess the definition using available information from local class context. 
2026.06.16 07:24:07 INFO  Created report: Optional[file:///Users/pamelavillar/Downloads/ludo-gui%202/prueba.scala]
2026.06.16 07:24:07 INFO  empty definition using pc, found symbol in pc:  (full report at: "/Users/pamelavillar/Downloads/ludo-gui 2/.metals/.reports/metals-full/2026-06-16/r_empty-definition_07-24-07-751.md")
2026.06.16 07:24:07 INFO  no build target found for /Users/pamelavillar/Downloads/ludo-gui 2/prueba.scala. Using presentation compiler with project's scala-library version: 3.3.7
2026.06.16 07:24:08 INFO  no build target found for /Users/pamelavillar/Downloads/ludo-gui 2/prueba.scala. Using presentation compiler with project's scala-library version: 3.3.7
2026.06.16 07:24:07 WARN  Could not find 'BaseZone' using presentation compiler nor semanticdb. Trying to guess the definition using available information from local class context. 
2026.06.16 07:24:07 INFO  empty definition using pc, found symbol in pc:  (full report at: "/Users/pamelavillar/Downloads/ludo-gui 2/.metals/.reports/metals-full/2026-06-16/r_empty-definition_07-24-07-751.md")
2026.06.16 07:24:14 INFO  no build target found for /Users/pamelavillar/Downloads/ludo-gui 2/prueba.scala. Using presentation compiler with project's scala-library version: 3.3.7
2026.06.16 07:24:14 INFO  no build target found for /Users/pamelavillar/Downloads/ludo-gui 2/prueba.scala. Using presentation compiler with project's scala-library version: 3.3.7
2026.06.16 07:24:14 WARN  no build target for: /Users/pamelavillar/Downloads/ludo-gui 2/prueba.scala
2026.06.16 07:24:14 INFO  no build target found for /Users/pamelavillar/Downloads/ludo-gui 2/prueba.scala. Using presentation compiler with project's scala-library version: 3.3.7
2026.06.16 07:24:14 INFO  no build target found for /Users/pamelavillar/Downloads/ludo-gui 2/prueba.scala. Using presentation compiler with project's scala-library version: 3.3.7
2026.06.16 07:24:14 INFO  no build target found for /Users/pamelavillar/Downloads/ludo-gui 2/prueba.scala. Using presentation compiler with project's scala-library version: 3.3.7
2026.06.16 07:24:28 INFO  no build target found for /Users/pamelavillar/Downloads/ludo-gui 2/prueba.scala. Using presentation compiler with project's scala-library version: 3.3.7
2026.06.16 07:24:31 INFO  no build target found for /Users/pamelavillar/Downloads/ludo-gui 2/prueba.scala. Using presentation compiler with project's scala-library version: 3.3.7
2026.06.16 07:24:31 INFO  no build target found for /Users/pamelavillar/Downloads/ludo-gui 2/prueba.scala. Using presentation compiler with project's scala-library version: 3.3.7
2026.06.16 07:24:31 INFO  no build target found for /Users/pamelavillar/Downloads/ludo-gui 2/prueba.scala. Using presentation compiler with project's scala-library version: 3.3.7
2026.06.16 07:24:33 INFO  no build target found for /Users/pamelavillar/Downloads/ludo-gui 2/prueba.scala. Using presentation compiler with project's scala-library version: 3.3.7
2026.06.16 07:24:33 INFO  empty definition using pc, found symbol in pc:  (full report at: "/Users/pamelavillar/Downloads/ludo-gui 2/.metals/.reports/metals-full/2026-06-16/r_empty-definition_07-15-11-515.md")
2026.06.16 07:24:33 INFO  no build target found for /Users/pamelavillar/Downloads/ludo-gui 2/prueba.scala. Using presentation compiler with project's scala-library version: 3.3.7
2026.06.16 07:24:33 INFO  no build target found for /Users/pamelavillar/Downloads/ludo-gui 2/prueba.scala. Using presentation compiler with project's scala-library version: 3.3.7
2026.06.16 07:24:33 INFO  empty definition using pc, found symbol in pc:  (full report at: "/Users/pamelavillar/Downloads/ludo-gui 2/.metals/.reports/metals-full/2026-06-16/r_empty-definition_07-15-11-515.md")
2026.06.16 07:24:33 INFO  no build target found for /Users/pamelavillar/Downloads/ludo-gui 2/prueba.scala. Using presentation compiler with project's scala-library version: 3.3.7
2026.06.16 07:24:34 INFO  no build target found for /Users/pamelavillar/Downloads/ludo-gui 2/prueba.scala. Using presentation compiler with project's scala-library version: 3.3.7
2026.06.16 07:24:34 INFO  empty definition using pc, found symbol in pc:  (full report at: "/Users/pamelavillar/Downloads/ludo-gui 2/.metals/.reports/metals-full/2026-06-16/r_empty-definition_07-15-11-515.md")
2026.06.16 07:24:33 INFO  no build target found for /Users/pamelavillar/Downloads/ludo-gui 2/prueba.scala. Using presentation compiler with project's scala-library version: 3.3.7
2026.06.16 07:24:35 INFO  no build target found for /Users/pamelavillar/Downloads/ludo-gui 2/prueba.scala. Using presentation compiler with project's scala-library version: 3.3.7
2026.06.16 07:24:35 INFO  no build target found for /Users/pamelavillar/Downloads/ludo-gui 2/prueba.scala. Using presentation compiler with project's scala-library version: 3.3.7
2026.06.16 07:24:35 INFO  no build target found for /Users/pamelavillar/Downloads/ludo-gui 2/prueba.scala. Using presentation compiler with project's scala-library version: 3.3.7
2026.06.16 07:24:35 WARN  Could not find 'BaseZone' using presentation compiler nor semanticdb. Trying to guess the definition using available information from local class context. 
2026.06.16 07:24:35 INFO  empty definition using pc, found symbol in pc:  (full report at: "/Users/pamelavillar/Downloads/ludo-gui 2/.metals/.reports/metals-full/2026-06-16/r_empty-definition_07-24-07-751.md")
2026.06.16 07:24:35 INFO  no build target found for /Users/pamelavillar/Downloads/ludo-gui 2/prueba.scala. Using presentation compiler with project's scala-library version: 3.3.7
2026.06.16 07:24:35 INFO  no build target found for /Users/pamelavillar/Downloads/ludo-gui 2/prueba.scala. Using presentation compiler with project's scala-library version: 3.3.7
2026.06.16 07:24:36 INFO  no build target found for /Users/pamelavillar/Downloads/ludo-gui 2/prueba.scala. Using presentation compiler with project's scala-library version: 3.3.7
2026.06.16 07:24:36 INFO  no build target found for /Users/pamelavillar/Downloads/ludo-gui 2/prueba.scala. Using presentation compiler with project's scala-library version: 3.3.7
2026.06.16 07:24:36 INFO  no build target found for /Users/pamelavillar/Downloads/ludo-gui 2/prueba.scala. Using presentation compiler with project's scala-library version: 3.3.7
2026.06.16 07:24:36 INFO  empty definition using pc, found symbol in pc:  (full report at: "/Users/pamelavillar/Downloads/ludo-gui 2/.metals/.reports/metals-full/2026-06-16/r_empty-definition_07-15-11-515.md")
2026.06.16 07:24:35 WARN  Could not find 'Blue' using presentation compiler nor semanticdb. Trying to guess the definition using available information from local class context. 
2026.06.16 07:24:35 INFO  empty definition using pc, found symbol in pc:  (full report at: "/Users/pamelavillar/Downloads/ludo-gui 2/.metals/.reports/metals-full/2026-06-16/r_empty-definition_07-15-11-515.md")
2026.06.16 07:24:36 INFO  no build target found for /Users/pamelavillar/Downloads/ludo-gui 2/prueba.scala. Using presentation compiler with project's scala-library version: 3.3.7
2026.06.16 07:24:36 INFO  no build target found for /Users/pamelavillar/Downloads/ludo-gui 2/prueba.scala. Using presentation compiler with project's scala-library version: 3.3.7
2026.06.16 07:24:36 INFO  no build target found for /Users/pamelavillar/Downloads/ludo-gui 2/prueba.scala. Using presentation compiler with project's scala-library version: 3.3.7
2026.06.16 07:24:36 INFO  empty definition using pc, found symbol in pc:  (full report at: "/Users/pamelavillar/Downloads/ludo-gui 2/.metals/.reports/metals-full/2026-06-16/r_empty-definition_07-15-11-515.md")
2026.06.16 07:24:36 INFO  no build target found for /Users/pamelavillar/Downloads/ludo-gui 2/prueba.scala. Using presentation compiler with project's scala-library version: 3.3.7
2026.06.16 07:24:38 INFO  no build target found for /Users/pamelavillar/Downloads/ludo-gui 2/prueba.scala. Using presentation compiler with project's scala-library version: 3.3.7
2026.06.16 07:24:38 INFO  no build target found for /Users/pamelavillar/Downloads/ludo-gui 2/prueba.scala. Using presentation compiler with project's scala-library version: 3.3.7
2026.06.16 07:24:51 INFO  no build target found for /Users/pamelavillar/Downloads/ludo-gui 2/prueba.scala. Using presentation compiler with project's scala-library version: 3.3.7
2026.06.16 07:24:51 INFO  no build target found for /Users/pamelavillar/Downloads/ludo-gui 2/prueba.scala. Using presentation compiler with project's scala-library version: 3.3.7
2026.06.16 07:24:51 INFO  no build target found for /Users/pamelavillar/Downloads/ludo-gui 2/prueba.scala. Using presentation compiler with project's scala-library version: 3.3.7
2026.06.16 07:24:53 INFO  no build target found for /Users/pamelavillar/Downloads/ludo-gui 2/prueba.scala. Using presentation compiler with project's scala-library version: 3.3.7
2026.06.16 07:24:53 INFO  no build target found for /Users/pamelavillar/Downloads/ludo-gui 2/prueba.scala. Using presentation compiler with project's scala-library version: 3.3.7
2026.06.16 07:24:53 INFO  no build target found for /Users/pamelavillar/Downloads/ludo-gui 2/prueba.scala. Using presentation compiler with project's scala-library version: 3.3.7
2026.06.16 07:24:55 INFO  no build target found for /Users/pamelavillar/Downloads/ludo-gui 2/prueba.scala. Using presentation compiler with project's scala-library version: 3.3.7
2026.06.16 07:24:55 INFO  no build target found for /Users/pamelavillar/Downloads/ludo-gui 2/prueba.scala. Using presentation compiler with project's scala-library version: 3.3.7
2026.06.16 07:24:56 INFO  no build target found for /Users/pamelavillar/Downloads/ludo-gui 2/prueba.scala. Using presentation compiler with project's scala-library version: 3.3.7
2026.06.16 07:24:56 INFO  empty definition using pc, found symbol in pc:  (full report at: "/Users/pamelavillar/Downloads/ludo-gui 2/.metals/.reports/metals-full/2026-06-16/r_empty-definition_07-15-11-515.md")
2026.06.16 07:24:57 INFO  no build target found for /Users/pamelavillar/Downloads/ludo-gui 2/prueba.scala. Using presentation compiler with project's scala-library version: 3.3.7
2026.06.16 07:24:57 INFO  no build target found for /Users/pamelavillar/Downloads/ludo-gui 2/prueba.scala. Using presentation compiler with project's scala-library version: 3.3.7
2026.06.16 07:24:58 INFO  no build target found for /Users/pamelavillar/Downloads/ludo-gui 2/prueba.scala. Using presentation compiler with project's scala-library version: 3.3.7
2026.06.16 07:24:58 INFO  empty definition using pc, found symbol in pc:  (full report at: "/Users/pamelavillar/Downloads/ludo-gui 2/.metals/.reports/metals-full/2026-06-16/r_empty-definition_07-15-11-515.md")
2026.06.16 07:24:58 INFO  no build target found for /Users/pamelavillar/Downloads/ludo-gui 2/prueba.scala. Using presentation compiler with project's scala-library version: 3.3.7
2026.06.16 07:24:59 INFO  no build target found for /Users/pamelavillar/Downloads/ludo-gui 2/prueba.scala. Using presentation compiler with project's scala-library version: 3.3.7
2026.06.16 07:24:58 INFO  empty definition using pc, found symbol in pc:  (full report at: "/Users/pamelavillar/Downloads/ludo-gui 2/.metals/.reports/metals-full/2026-06-16/r_empty-definition_07-15-11-515.md")
2026.06.16 07:24:59 INFO  no build target found for /Users/pamelavillar/Downloads/ludo-gui 2/prueba.scala. Using presentation compiler with project's scala-library version: 3.3.7
2026.06.16 07:24:59 INFO  no build target found for /Users/pamelavillar/Downloads/ludo-gui 2/prueba.scala. Using presentation compiler with project's scala-library version: 3.3.7
2026.06.16 07:24:59 INFO  no build target found for /Users/pamelavillar/Downloads/ludo-gui 2/prueba.scala. Using presentation compiler with project's scala-library version: 3.3.7
2026.06.16 07:24:59 INFO  no build target found for /Users/pamelavillar/Downloads/ludo-gui 2/prueba.scala. Using presentation compiler with project's scala-library version: 3.3.7
2026.06.16 07:24:59 WARN  Could not find 'BaseZone' using presentation compiler nor semanticdb. Trying to guess the definition using available information from local class context. 
2026.06.16 07:24:59 INFO  empty definition using pc, found symbol in pc:  (full report at: "/Users/pamelavillar/Downloads/ludo-gui 2/.metals/.reports/metals-full/2026-06-16/r_empty-definition_07-24-07-751.md")
2026.06.16 07:24:58 INFO  no build target found for /Users/pamelavillar/Downloads/ludo-gui 2/prueba.scala. Using presentation compiler with project's scala-library version: 3.3.7
2026.06.16 07:25:00 INFO  no build target found for /Users/pamelavillar/Downloads/ludo-gui 2/prueba.scala. Using presentation compiler with project's scala-library version: 3.3.7
2026.06.16 07:25:00 INFO  no build target found for /Users/pamelavillar/Downloads/ludo-gui 2/prueba.scala. Using presentation compiler with project's scala-library version: 3.3.7
2026.06.16 07:25:00 WARN  Could not find 'BaseZone' using presentation compiler nor semanticdb. Trying to guess the definition using available information from local class context. 
2026.06.16 07:25:00 INFO  empty definition using pc, found symbol in pc:  (full report at: "/Users/pamelavillar/Downloads/ludo-gui 2/.metals/.reports/metals-full/2026-06-16/r_empty-definition_07-24-07-751.md")
2026.06.16 07:25:00 INFO  no build target found for /Users/pamelavillar/Downloads/ludo-gui 2/prueba.scala. Using presentation compiler with project's scala-library version: 3.3.7
2026.06.16 07:25:03 INFO  no build target found for /Users/pamelavillar/Downloads/ludo-gui 2/prueba.scala. Using presentation compiler with project's scala-library version: 3.3.7
2026.06.16 07:25:03 INFO  no build target found for /Users/pamelavillar/Downloads/ludo-gui 2/prueba.scala. Using presentation compiler with project's scala-library version: 3.3.7
2026.06.16 07:25:10 INFO  no build target found for /Users/pamelavillar/Downloads/ludo-gui 2/prueba.scala. Using presentation compiler with project's scala-library version: 3.3.7
2026.06.16 07:25:20 INFO  no build target found for /Users/pamelavillar/Downloads/ludo-gui 2/prueba.scala. Using presentation compiler with project's scala-library version: 3.3.7
2026.06.16 07:25:34 INFO  no build target found for /Users/pamelavillar/Downloads/ludo-gui 2/prueba.scala. Using presentation compiler with project's scala-library version: 3.3.7
2026.06.16 07:26:05 INFO  no build target found for /Users/pamelavillar/Downloads/ludo-gui 2/prueba.scala. Using presentation compiler with project's scala-library version: 3.3.7
2026.06.16 07:26:05 WARN  no build target for: /Users/pamelavillar/Downloads/ludo-gui 2/prueba.scala
2026.06.16 07:26:05 INFO  no build target found for /Users/pamelavillar/Downloads/ludo-gui 2/prueba.scala. Using presentation compiler with project's scala-library version: 3.3.7
2026.06.16 07:26:05 INFO  no build target found for /Users/pamelavillar/Downloads/ludo-gui 2/prueba.scala. Using presentation compiler with project's scala-library version: 3.3.7
2026.06.16 07:26:16 INFO  no build target found for /Users/pamelavillar/Downloads/ludo-gui 2/prueba.scala. Using presentation compiler with project's scala-library version: 3.3.7
2026.06.16 07:26:16 WARN  no build target for: /Users/pamelavillar/Downloads/ludo-gui 2/prueba.scala
2026.06.16 07:26:16 INFO  no build target found for /Users/pamelavillar/Downloads/ludo-gui 2/prueba.scala. Using presentation compiler with project's scala-library version: 3.3.7
2026.06.16 07:26:16 INFO  no build target found for /Users/pamelavillar/Downloads/ludo-gui 2/prueba.scala. Using presentation compiler with project's scala-library version: 3.3.7
2026.06.16 07:26:25 INFO  no build target found for /Users/pamelavillar/Downloads/ludo-gui 2/prueba.scala. Using presentation compiler with project's scala-library version: 3.3.7
2026.06.16 07:26:25 INFO  no build target found for /Users/pamelavillar/Downloads/ludo-gui 2/prueba.scala. Using presentation compiler with project's scala-library version: 3.3.7
2026.06.16 07:27:07 INFO  no build target found for /Users/pamelavillar/Downloads/ludo-gui 2/prueba.scala. Using presentation compiler with project's scala-library version: 3.3.7
2026.06.16 07:27:07 WARN  no build target for: /Users/pamelavillar/Downloads/ludo-gui 2/prueba.scala
2026.06.16 07:27:07 INFO  no build target found for /Users/pamelavillar/Downloads/ludo-gui 2/prueba.scala. Using presentation compiler with project's scala-library version: 3.3.7
2026.06.16 07:27:07 INFO  no build target found for /Users/pamelavillar/Downloads/ludo-gui 2/prueba.scala. Using presentation compiler with project's scala-library version: 3.3.7
2026.06.16 07:27:12 INFO  no build target found for /Users/pamelavillar/Downloads/ludo-gui 2/prueba.scala. Using presentation compiler with project's scala-library version: 3.3.7
2026.06.16 07:27:12 WARN  no build target for: /Users/pamelavillar/Downloads/ludo-gui 2/prueba.scala
2026.06.16 07:27:12 INFO  no build target found for /Users/pamelavillar/Downloads/ludo-gui 2/prueba.scala. Using presentation compiler with project's scala-library version: 3.3.7
2026.06.16 07:27:12 INFO  no build target found for /Users/pamelavillar/Downloads/ludo-gui 2/prueba.scala. Using presentation compiler with project's scala-library version: 3.3.7
2026.06.16 07:27:37 INFO  no build target found for /Users/pamelavillar/Downloads/ludo-gui 2/prueba.scala. Using presentation compiler with project's scala-library version: 3.3.7
2026.06.16 07:27:37 WARN  no build target for: /Users/pamelavillar/Downloads/ludo-gui 2/prueba.scala
2026.06.16 07:27:37 INFO  no build target found for /Users/pamelavillar/Downloads/ludo-gui 2/prueba.scala. Using presentation compiler with project's scala-library version: 3.3.7
2026.06.16 07:27:37 INFO  no build target found for /Users/pamelavillar/Downloads/ludo-gui 2/prueba.scala. Using presentation compiler with project's scala-library version: 3.3.7
2026.06.16 07:27:43 INFO  no build target found for /Users/pamelavillar/Downloads/ludo-gui 2/prueba.scala. Using presentation compiler with project's scala-library version: 3.3.7
2026.06.16 07:27:43 INFO  no build target found for /Users/pamelavillar/Downloads/ludo-gui 2/prueba.scala. Using presentation compiler with project's scala-library version: 3.3.7
2026.06.16 07:27:46 INFO  no build target found for /Users/pamelavillar/Downloads/ludo-gui 2/prueba.scala. Using presentation compiler with project's scala-library version: 3.3.7
2026.06.16 07:27:46 INFO  no build target found for /Users/pamelavillar/Downloads/ludo-gui 2/prueba.scala. Using presentation compiler with project's scala-library version: 3.3.7
2026.06.16 07:27:46 INFO  no build target found for /Users/pamelavillar/Downloads/ludo-gui 2/prueba.scala. Using presentation compiler with project's scala-library version: 3.3.7
2026.06.16 07:27:46 INFO  no build target found for /Users/pamelavillar/Downloads/ludo-gui 2/prueba.scala. Using presentation compiler with project's scala-library version: 3.3.7
2026.06.16 07:27:48 INFO  no build target found for /Users/pamelavillar/Downloads/ludo-gui 2/prueba.scala. Using presentation compiler with project's scala-library version: 3.3.7
2026.06.16 07:27:48 INFO  empty definition using pc, found symbol in pc:  (full report at: "/Users/pamelavillar/Downloads/ludo-gui 2/.metals/.reports/metals-full/2026-06-16/r_empty-definition_07-15-11-515.md")
2026.06.16 07:27:50 INFO  no build target found for /Users/pamelavillar/Downloads/ludo-gui 2/prueba.scala. Using presentation compiler with project's scala-library version: 3.3.7
2026.06.16 07:27:51 INFO  no build target found for /Users/pamelavillar/Downloads/ludo-gui 2/prueba.scala. Using presentation compiler with project's scala-library version: 3.3.7
2026.06.16 07:27:55 INFO  no build target found for /Users/pamelavillar/Downloads/ludo-gui 2/prueba.scala. Using presentation compiler with project's scala-library version: 3.3.7
2026.06.16 07:27:55 INFO  no build target found for /Users/pamelavillar/Downloads/ludo-gui 2/prueba.scala. Using presentation compiler with project's scala-library version: 3.3.7
2026.06.16 07:27:55 INFO  no build target found for /Users/pamelavillar/Downloads/ludo-gui 2/prueba.scala. Using presentation compiler with project's scala-library version: 3.3.7
2026.06.16 07:27:55 INFO  no build target found for /Users/pamelavillar/Downloads/ludo-gui 2/prueba.scala. Using presentation compiler with project's scala-library version: 3.3.7
2026.06.16 07:27:56 INFO  no build target found for /Users/pamelavillar/Downloads/ludo-gui 2/prueba.scala. Using presentation compiler with project's scala-library version: 3.3.7
2026.06.16 07:27:56 INFO  no build target found for /Users/pamelavillar/Downloads/ludo-gui 2/prueba.scala. Using presentation compiler with project's scala-library version: 3.3.7
2026.06.16 07:27:56 INFO  empty definition using pc, found symbol in pc:  (full report at: "/Users/pamelavillar/Downloads/ludo-gui 2/.metals/.reports/metals-full/2026-06-16/r_empty-definition_07-15-11-515.md")
2026.06.16 07:28:13 INFO  no build target found for /Users/pamelavillar/Downloads/ludo-gui 2/prueba.scala. Using presentation compiler with project's scala-library version: 3.3.7
2026.06.16 07:28:29 INFO  no build target found for /Users/pamelavillar/Downloads/ludo-gui 2/prueba.scala. Using presentation compiler with project's scala-library version: 3.3.7
2026.06.16 07:28:29 INFO  no build target found for /Users/pamelavillar/Downloads/ludo-gui 2/prueba.scala. Using presentation compiler with project's scala-library version: 3.3.7
2026.06.16 07:28:36 INFO  no build target found for /Users/pamelavillar/Downloads/ludo-gui 2/prueba.scala. Using presentation compiler with project's scala-library version: 3.3.7
2026.06.16 07:28:36 INFO  no build target found for /Users/pamelavillar/Downloads/ludo-gui 2/prueba.scala. Using presentation compiler with project's scala-library version: 3.3.7
2026.06.16 07:28:36 INFO  no build target found for /Users/pamelavillar/Downloads/ludo-gui 2/prueba.scala. Using presentation compiler with project's scala-library version: 3.3.7
2026.06.16 07:28:36 INFO  no build target found for /Users/pamelavillar/Downloads/ludo-gui 2/prueba.scala. Using presentation compiler with project's scala-library version: 3.3.7
2026.06.16 07:28:44 INFO  no build target found for /Users/pamelavillar/Downloads/ludo-gui 2/prueba.scala. Using presentation compiler with project's scala-library version: 3.3.7
2026.06.16 07:29:01 INFO  no build target found for /Users/pamelavillar/Downloads/ludo-gui 2/prueba.scala. Using presentation compiler with project's scala-library version: 3.3.7
2026.06.16 07:29:01 INFO  no build target found for /Users/pamelavillar/Downloads/ludo-gui 2/prueba.scala. Using presentation compiler with project's scala-library version: 3.3.7
2026.06.16 07:29:01 INFO  no build target found for /Users/pamelavillar/Downloads/ludo-gui 2/prueba.scala. Using presentation compiler with project's scala-library version: 3.3.7
2026.06.16 07:29:02 INFO  no build target found for /Users/pamelavillar/Downloads/ludo-gui 2/prueba.scala. Using presentation compiler with project's scala-library version: 3.3.7
2026.06.16 07:29:03 INFO  Created report: Optional[file:///Users/pamelavillar/Downloads/ludo-gui%202/prueba.scala]
2026.06.16 07:29:03 INFO  empty definition using pc, found symbol in pc: flatMap. (full report at: "/Users/pamelavillar/Downloads/ludo-gui 2/.metals/.reports/metals-full/2026-06-16/r_empty-definition_07-29-03-065.md")
2026.06.16 07:29:03 INFO  no build target found for /Users/pamelavillar/Downloads/ludo-gui 2/prueba.scala. Using presentation compiler with project's scala-library version: 3.3.7
2026.06.16 07:29:04 INFO  no build target found for /Users/pamelavillar/Downloads/ludo-gui 2/prueba.scala. Using presentation compiler with project's scala-library version: 3.3.7
2026.06.16 07:29:05 INFO  no build target found for /Users/pamelavillar/Downloads/ludo-gui 2/prueba.scala. Using presentation compiler with project's scala-library version: 3.3.7
2026.06.16 07:29:08 INFO  no build target found for /Users/pamelavillar/Downloads/ludo-gui 2/prueba.scala. Using presentation compiler with project's scala-library version: 3.3.7
2026.06.16 07:29:08 INFO  no build target found for /Users/pamelavillar/Downloads/ludo-gui 2/prueba.scala. Using presentation compiler with project's scala-library version: 3.3.7
2026.06.16 07:29:08 INFO  no build target found for /Users/pamelavillar/Downloads/ludo-gui 2/prueba.scala. Using presentation compiler with project's scala-library version: 3.3.7
2026.06.16 07:29:08 INFO  no build target found for /Users/pamelavillar/Downloads/ludo-gui 2/prueba.scala. Using presentation compiler with project's scala-library version: 3.3.7
2026.06.16 07:29:08 INFO  no build target found for /Users/pamelavillar/Downloads/ludo-gui 2/prueba.scala. Using presentation compiler with project's scala-library version: 3.3.7
2026.06.16 07:29:11 INFO  no build target found for /Users/pamelavillar/Downloads/ludo-gui 2/prueba.scala. Using presentation compiler with project's scala-library version: 3.3.7
2026.06.16 07:29:11 INFO  no build target found for /Users/pamelavillar/Downloads/ludo-gui 2/prueba.scala. Using presentation compiler with project's scala-library version: 3.3.7
2026.06.16 07:29:11 INFO  no build target found for /Users/pamelavillar/Downloads/ludo-gui 2/prueba.scala. Using presentation compiler with project's scala-library version: 3.3.7
2026.06.16 07:29:37 INFO  no build target found for /Users/pamelavillar/Downloads/ludo-gui 2/prueba.scala. Using presentation compiler with project's scala-library version: 3.3.7
2026.06.16 07:29:37 INFO  no build target found for /Users/pamelavillar/Downloads/ludo-gui 2/prueba.scala. Using presentation compiler with project's scala-library version: 3.3.7
2026.06.16 07:29:37 INFO  no build target found for /Users/pamelavillar/Downloads/ludo-gui 2/prueba.scala. Using presentation compiler with project's scala-library version: 3.3.7
2026.06.16 07:29:38 INFO  no build target found for /Users/pamelavillar/Downloads/ludo-gui 2/prueba.scala. Using presentation compiler with project's scala-library version: 3.3.7
2026.06.16 07:29:38 INFO  no build target found for /Users/pamelavillar/Downloads/ludo-gui 2/prueba.scala. Using presentation compiler with project's scala-library version: 3.3.7
2026.06.16 07:29:49 INFO  no build target found for /Users/pamelavillar/Downloads/ludo-gui 2/prueba.scala. Using presentation compiler with project's scala-library version: 3.3.7
2026.06.16 07:29:49 WARN  no build target for: /Users/pamelavillar/Downloads/ludo-gui 2/prueba.scala
2026.06.16 07:29:49 INFO  no build target found for /Users/pamelavillar/Downloads/ludo-gui 2/prueba.scala. Using presentation compiler with project's scala-library version: 3.3.7
2026.06.16 07:29:49 INFO  no build target found for /Users/pamelavillar/Downloads/ludo-gui 2/prueba.scala. Using presentation compiler with project's scala-library version: 3.3.7
2026.06.16 07:29:51 INFO  no build target found for /Users/pamelavillar/Downloads/ludo-gui 2/prueba.scala. Using presentation compiler with project's scala-library version: 3.3.7
2026.06.16 07:29:51 INFO  no build target found for /Users/pamelavillar/Downloads/ludo-gui 2/prueba.scala. Using presentation compiler with project's scala-library version: 3.3.7
2026.06.16 07:29:51 INFO  no build target found for /Users/pamelavillar/Downloads/ludo-gui 2/prueba.scala. Using presentation compiler with project's scala-library version: 3.3.7
2026.06.16 07:29:51 INFO  no build target found for /Users/pamelavillar/Downloads/ludo-gui 2/prueba.scala. Using presentation compiler with project's scala-library version: 3.3.7
2026.06.16 07:30:09 INFO  no build target found for /Users/pamelavillar/Downloads/ludo-gui 2/prueba.scala. Using presentation compiler with project's scala-library version: 3.3.7
2026.06.16 07:30:09 WARN  no build target for: /Users/pamelavillar/Downloads/ludo-gui 2/prueba.scala
2026.06.16 07:30:09 INFO  no build target found for /Users/pamelavillar/Downloads/ludo-gui 2/prueba.scala. Using presentation compiler with project's scala-library version: 3.3.7
2026.06.16 07:30:09 INFO  no build target found for /Users/pamelavillar/Downloads/ludo-gui 2/prueba.scala. Using presentation compiler with project's scala-library version: 3.3.7
2026.06.16 07:30:11 INFO  no build target found for /Users/pamelavillar/Downloads/ludo-gui 2/prueba.scala. Using presentation compiler with project's scala-library version: 3.3.7
2026.06.16 07:34:13 INFO  no build target found for /Users/pamelavillar/Downloads/ludo-gui 2/prueba.scala. Using presentation compiler with project's scala-library version: 3.3.7
2026.06.16 07:34:42 INFO  no build target found for /Users/pamelavillar/Downloads/ludo-gui 2/prueba.scala. Using presentation compiler with project's scala-library version: 3.3.7
2026.06.16 07:35:32 INFO  no build target found for /Users/pamelavillar/Downloads/ludo-gui 2/prueba.scala. Using presentation compiler with project's scala-library version: 3.3.7
2026.06.16 07:36:56 INFO  no build target found for /Users/pamelavillar/Downloads/ludo-gui 2/prueba.scala. Using presentation compiler with project's scala-library version: 3.3.7
2026.06.16 07:36:56 WARN  no build target for: /Users/pamelavillar/Downloads/ludo-gui 2/prueba.scala
2026.06.16 07:36:56 INFO  no build target found for /Users/pamelavillar/Downloads/ludo-gui 2/prueba.scala. Using presentation compiler with project's scala-library version: 3.3.7
2026.06.16 07:36:56 INFO  no build target found for /Users/pamelavillar/Downloads/ludo-gui 2/prueba.scala. Using presentation compiler with project's scala-library version: 3.3.7
2026.06.16 07:38:00 INFO  no build target found for /Users/pamelavillar/Downloads/ludo-gui 2/prueba.scala. Using presentation compiler with project's scala-library version: 3.3.7
2026.06.16 07:38:00 INFO  no build target found for /Users/pamelavillar/Downloads/ludo-gui 2/prueba.scala. Using presentation compiler with project's scala-library version: 3.3.7
2026.06.16 07:38:00 INFO  no build target found for /Users/pamelavillar/Downloads/ludo-gui 2/prueba.scala. Using presentation compiler with project's scala-library version: 3.3.7
2026.06.16 07:38:20 INFO  no build target found for /Users/pamelavillar/Downloads/ludo-gui 2/prueba.scala. Using presentation compiler with project's scala-library version: 3.3.7
2026.06.16 07:51:33 INFO  no build target found for /Users/pamelavillar/Downloads/ludo-gui 2/prueba.scala. Using presentation compiler with project's scala-library version: 3.3.7
2026.06.16 07:51:37 INFO  no build target found for /Users/pamelavillar/Downloads/ludo-gui 2/prueba.scala. Using presentation compiler with project's scala-library version: 3.3.7
2026.06.16 07:51:40 INFO  no build target found for /Users/pamelavillar/Downloads/ludo-gui 2/prueba.scala. Using presentation compiler with project's scala-library version: 3.3.7
2026.06.16 07:51:40 INFO  no build target found for /Users/pamelavillar/Downloads/ludo-gui 2/prueba.scala. Using presentation compiler with project's scala-library version: 3.3.7
2026.06.16 07:52:17 INFO  skipping build import with status 'Installed'
2026.06.16 07:52:17 WARN  no build target for: /Users/pamelavillar/Downloads/ludo-gui 2/prueba.scala
2026.06.16 07:52:34 INFO  no build target found for /Users/pamelavillar/Downloads/ludo-gui 2/prueba.scala. Using presentation compiler with project's scala-library version: 3.3.7
2026.06.16 07:52:34 INFO  no build target found for /Users/pamelavillar/Downloads/ludo-gui 2/prueba.scala. Using presentation compiler with project's scala-library version: 3.3.7
2026.06.16 07:52:34 INFO  no build target found for /Users/pamelavillar/Downloads/ludo-gui 2/prueba.scala. Using presentation compiler with project's scala-library version: 3.3.7
2026.06.16 07:56:14 INFO  no build target found for /Users/pamelavillar/Downloads/ludo-gui 2/prueba.scala. Using presentation compiler with project's scala-library version: 3.3.7
2026.06.16 07:56:14 INFO  no build target found for /Users/pamelavillar/Downloads/ludo-gui 2/prueba.scala. Using presentation compiler with project's scala-library version: 3.3.7
2026.06.16 07:56:14 INFO  no build target found for /Users/pamelavillar/Downloads/ludo-gui 2/prueba.scala. Using presentation compiler with project's scala-library version: 3.3.7
2026.06.16 07:56:14 INFO  Created report: Optional[file:///Users/pamelavillar/Downloads/ludo-gui%202/prueba.scala]
2026.06.16 07:56:14 INFO  empty definition using pc, found symbol in pc:  (full report at: "/Users/pamelavillar/Downloads/ludo-gui 2/.metals/.reports/metals-full/2026-06-16/r_empty-definition_07-56-14-996.md")
2026.06.16 07:56:17 INFO  no build target found for /Users/pamelavillar/Downloads/ludo-gui 2/prueba.scala. Using presentation compiler with project's scala-library version: 3.3.7
2026.06.16 07:56:17 INFO  empty definition using pc, found symbol in pc:  (full report at: "/Users/pamelavillar/Downloads/ludo-gui 2/.metals/.reports/metals-full/2026-06-16/r_empty-definition_07-56-14-996.md")
2026.06.16 07:56:17 INFO  no build target found for /Users/pamelavillar/Downloads/ludo-gui 2/prueba.scala. Using presentation compiler with project's scala-library version: 3.3.7
2026.06.16 07:56:17 INFO  no build target found for /Users/pamelavillar/Downloads/ludo-gui 2/prueba.scala. Using presentation compiler with project's scala-library version: 3.3.7
2026.06.16 07:56:17 INFO  no build target found for /Users/pamelavillar/Downloads/ludo-gui 2/prueba.scala. Using presentation compiler with project's scala-library version: 3.3.7
2026.06.16 07:56:17 INFO  no build target found for /Users/pamelavillar/Downloads/ludo-gui 2/prueba.scala. Using presentation compiler with project's scala-library version: 3.3.7
2026.06.16 07:56:17 INFO  empty definition using pc, found symbol in pc:  (full report at: "/Users/pamelavillar/Downloads/ludo-gui 2/.metals/.reports/metals-full/2026-06-16/r_empty-definition_07-56-14-996.md")
2026.06.16 07:56:18 INFO  no build target found for /Users/pamelavillar/Downloads/ludo-gui 2/prueba.scala. Using presentation compiler with project's scala-library version: 3.3.7
2026.06.16 07:57:08 INFO  no build target found for /Users/pamelavillar/Downloads/ludo-gui 2/prueba.scala. Using presentation compiler with project's scala-library version: 3.3.7
2026.06.16 07:57:13 INFO  no build target found for /Users/pamelavillar/Downloads/ludo-gui 2/prueba.scala. Using presentation compiler with project's scala-library version: 3.3.7
2026.06.16 07:57:13 INFO  no build target found for /Users/pamelavillar/Downloads/ludo-gui 2/prueba.scala. Using presentation compiler with project's scala-library version: 3.3.7
2026.06.16 07:57:13 INFO  no build target found for /Users/pamelavillar/Downloads/ludo-gui 2/prueba.scala. Using presentation compiler with project's scala-library version: 3.3.7
2026.06.16 07:57:36 INFO  no build target found for /Users/pamelavillar/Downloads/ludo-gui 2/prueba.scala. Using presentation compiler with project's scala-library version: 3.3.7
2026.06.16 07:59:04 INFO  no build target found for /Users/pamelavillar/Downloads/ludo-gui 2/prueba.scala. Using presentation compiler with project's scala-library version: 3.3.7
2026.06.16 08:00:12 INFO  no build target found for /Users/pamelavillar/Downloads/ludo-gui 2/prueba.scala. Using presentation compiler with project's scala-library version: 3.3.7
2026.06.16 08:00:12 INFO  no build target found for /Users/pamelavillar/Downloads/ludo-gui 2/prueba.scala. Using presentation compiler with project's scala-library version: 3.3.7
2026.06.16 08:00:13 INFO  no build target found for /Users/pamelavillar/Downloads/ludo-gui 2/prueba.scala. Using presentation compiler with project's scala-library version: 3.3.7
2026.06.16 08:00:13 WARN  Could not find 'CellView' using presentation compiler nor semanticdb. Trying to guess the definition using available information from local class context. 
2026.06.16 08:00:13 INFO  empty definition using pc, found symbol in pc:  (full report at: "/Users/pamelavillar/Downloads/ludo-gui 2/.metals/.reports/metals-full/2026-06-16/r_empty-definition_07-15-11-515.md")
2026.06.16 08:00:14 INFO  no build target found for /Users/pamelavillar/Downloads/ludo-gui 2/prueba.scala. Using presentation compiler with project's scala-library version: 3.3.7
2026.06.16 08:00:13 INFO  no build target found for /Users/pamelavillar/Downloads/ludo-gui 2/prueba.scala. Using presentation compiler with project's scala-library version: 3.3.7
2026.06.16 08:00:13 WARN  Could not find 'CellView' using presentation compiler nor semanticdb. Trying to guess the definition using available information from local class context. 
2026.06.16 08:00:13 INFO  empty definition using pc, found symbol in pc:  (full report at: "/Users/pamelavillar/Downloads/ludo-gui 2/.metals/.reports/metals-full/2026-06-16/r_empty-definition_07-15-11-515.md")
2026.06.16 08:00:17 INFO  no build target found for /Users/pamelavillar/Downloads/ludo-gui 2/prueba.scala. Using presentation compiler with project's scala-library version: 3.3.7
2026.06.16 08:00:17 WARN  no build target for: /Users/pamelavillar/Downloads/ludo-gui 2/prueba.scala
2026.06.16 08:00:17 INFO  no build target found for /Users/pamelavillar/Downloads/ludo-gui 2/prueba.scala. Using presentation compiler with project's scala-library version: 3.3.7
2026.06.16 08:00:17 INFO  no build target found for /Users/pamelavillar/Downloads/ludo-gui 2/prueba.scala. Using presentation compiler with project's scala-library version: 3.3.7
2026.06.16 08:00:17 INFO  no build target found for /Users/pamelavillar/Downloads/ludo-gui 2/prueba.scala. Using presentation compiler with project's scala-library version: 3.3.7
2026.06.16 08:01:32 INFO  no build target found for /Users/pamelavillar/Downloads/ludo-gui 2/prueba.scala. Using presentation compiler with project's scala-library version: 3.3.7
2026.06.16 08:01:32 INFO  no build target found for /Users/pamelavillar/Downloads/ludo-gui 2/prueba.scala. Using presentation compiler with project's scala-library version: 3.3.7
2026.06.16 08:01:33 INFO  no build target found for /Users/pamelavillar/Downloads/ludo-gui 2/prueba.scala. Using presentation compiler with project's scala-library version: 3.3.7
2026.06.16 08:01:33 INFO  no build target found for /Users/pamelavillar/Downloads/ludo-gui 2/prueba.scala. Using presentation compiler with project's scala-library version: 3.3.7
2026.06.16 08:09:14 INFO  no build target found for /Users/pamelavillar/Downloads/ludo-gui 2/prueba.scala. Using presentation compiler with project's scala-library version: 3.3.7
2026.06.16 08:09:14 INFO  no build target found for /Users/pamelavillar/Downloads/ludo-gui 2/prueba.scala. Using presentation compiler with project's scala-library version: 3.3.7
2026.06.16 08:10:03 INFO  no build target found for /Users/pamelavillar/Downloads/ludo-gui 2/prueba.scala. Using presentation compiler with project's scala-library version: 3.3.7
2026.06.16 08:10:04 INFO  no build target found for /Users/pamelavillar/Downloads/ludo-gui 2/prueba.scala. Using presentation compiler with project's scala-library version: 3.3.7
2026.06.16 08:11:14 INFO  no build target found for /Users/pamelavillar/Downloads/ludo-gui 2/prueba.scala. Using presentation compiler with project's scala-library version: 3.3.7
2026.06.16 08:11:15 INFO  no build target found for /Users/pamelavillar/Downloads/ludo-gui 2/prueba.scala. Using presentation compiler with project's scala-library version: 3.3.7
2026.06.16 08:18:35 INFO  no build target found for /Users/pamelavillar/Downloads/ludo-gui 2/prueba.scala. Using presentation compiler with project's scala-library version: 3.3.7
2026.06.16 08:18:35 INFO  no build target found for /Users/pamelavillar/Downloads/ludo-gui 2/prueba.scala. Using presentation compiler with project's scala-library version: 3.3.7
2026.06.16 08:18:35 INFO  no build target found for /Users/pamelavillar/Downloads/ludo-gui 2/prueba.scala. Using presentation compiler with project's scala-library version: 3.3.7
2026.06.16 08:18:35 INFO  no build target found for /Users/pamelavillar/Downloads/ludo-gui 2/prueba.scala. Using presentation compiler with project's scala-library version: 3.3.7
2026.06.16 08:18:35 INFO  no build target found for /Users/pamelavillar/Downloads/ludo-gui 2/prueba.scala. Using presentation compiler with project's scala-library version: 3.3.7
2026.06.16 08:18:36 INFO  no build target found for /Users/pamelavillar/Downloads/ludo-gui 2/prueba.scala. Using presentation compiler with project's scala-library version: 3.3.7
2026.06.16 08:18:36 INFO  no build target found for /Users/pamelavillar/Downloads/ludo-gui 2/prueba.scala. Using presentation compiler with project's scala-library version: 3.3.7
2026.06.16 08:18:36 INFO  no build target found for /Users/pamelavillar/Downloads/ludo-gui 2/prueba.scala. Using presentation compiler with project's scala-library version: 3.3.7
2026.06.16 08:18:36 INFO  no build target found for /Users/pamelavillar/Downloads/ludo-gui 2/prueba.scala. Using presentation compiler with project's scala-library version: 3.3.7
2026.06.16 08:18:36 INFO  no build target found for /Users/pamelavillar/Downloads/ludo-gui 2/prueba.scala. Using presentation compiler with project's scala-library version: 3.3.7
2026.06.16 08:18:47 INFO  no build target found for /Users/pamelavillar/Downloads/ludo-gui 2/prueba.scala. Using presentation compiler with project's scala-library version: 3.3.7
2026.06.16 08:18:47 INFO  no build target found for /Users/pamelavillar/Downloads/ludo-gui 2/prueba.scala. Using presentation compiler with project's scala-library version: 3.3.7
2026.06.16 08:18:50 INFO  no build target found for /Users/pamelavillar/Downloads/ludo-gui 2/prueba.scala. Using presentation compiler with project's scala-library version: 3.3.7
2026.06.16 08:18:51 INFO  no build target found for /Users/pamelavillar/Downloads/ludo-gui 2/prueba.scala. Using presentation compiler with project's scala-library version: 3.3.7
2026.06.16 08:18:57 INFO  no build target found for /Users/pamelavillar/Downloads/ludo-gui 2/prueba.scala. Using presentation compiler with project's scala-library version: 3.3.7
2026.06.16 08:18:57 INFO  no build target found for /Users/pamelavillar/Downloads/ludo-gui 2/prueba.scala. Using presentation compiler with project's scala-library version: 3.3.7
2026.06.16 08:18:59 INFO  no build target found for /Users/pamelavillar/Downloads/ludo-gui 2/prueba.scala. Using presentation compiler with project's scala-library version: 3.3.7
2026.06.16 08:23:13 INFO  no build target found for /Users/pamelavillar/Downloads/ludo-gui 2/prueba.scala. Using presentation compiler with project's scala-library version: 3.3.7
2026.06.16 08:23:16 INFO  no build target found for /Users/pamelavillar/Downloads/ludo-gui 2/prueba.scala. Using presentation compiler with project's scala-library version: 3.3.7
2026.06.16 08:23:26 INFO  no build target found for /Users/pamelavillar/Downloads/ludo-gui 2/prueba.scala. Using presentation compiler with project's scala-library version: 3.3.7
2026.06.16 08:23:50 INFO  no build target found for /Users/pamelavillar/Downloads/ludo-gui 2/prueba.scala. Using presentation compiler with project's scala-library version: 3.3.7
2026.06.16 08:23:50 INFO  no build target found for /Users/pamelavillar/Downloads/ludo-gui 2/prueba.scala. Using presentation compiler with project's scala-library version: 3.3.7
2026.06.16 08:23:51 INFO  no build target found for /Users/pamelavillar/Downloads/ludo-gui 2/prueba.scala. Using presentation compiler with project's scala-library version: 3.3.7
2026.06.16 08:23:59 INFO  no build target found for /Users/pamelavillar/Downloads/ludo-gui 2/prueba.scala. Using presentation compiler with project's scala-library version: 3.3.7
2026.06.16 08:23:59 INFO  no build target found for /Users/pamelavillar/Downloads/ludo-gui 2/prueba.scala. Using presentation compiler with project's scala-library version: 3.3.7
2026.06.16 08:24:01 INFO  no build target found for /Users/pamelavillar/Downloads/ludo-gui 2/prueba.scala. Using presentation compiler with project's scala-library version: 3.3.7
2026.06.16 08:24:14 INFO  no build target found for /Users/pamelavillar/Downloads/ludo-gui 2/prueba.scala. Using presentation compiler with project's scala-library version: 3.3.7
2026.06.16 08:24:14 INFO  no build target found for /Users/pamelavillar/Downloads/ludo-gui 2/prueba.scala. Using presentation compiler with project's scala-library version: 3.3.7
2026.06.16 08:24:19 INFO  no build target found for /Users/pamelavillar/Downloads/ludo-gui 2/prueba.scala. Using presentation compiler with project's scala-library version: 3.3.7
2026.06.16 08:24:34 INFO  no build target found for /Users/pamelavillar/Downloads/ludo-gui 2/prueba.scala. Using presentation compiler with project's scala-library version: 3.3.7
2026.06.16 08:25:09 INFO  no build target found for /Users/pamelavillar/Downloads/ludo-gui 2/prueba.scala. Using presentation compiler with project's scala-library version: 3.3.7
2026.06.16 08:25:20 INFO  no build target found for /Users/pamelavillar/Downloads/ludo-gui 2/prueba.scala. Using presentation compiler with project's scala-library version: 3.3.7
2026.06.16 08:25:46 INFO  no build target found for /Users/pamelavillar/Downloads/ludo-gui 2/prueba.scala. Using presentation compiler with project's scala-library version: 3.3.7
2026.06.16 08:25:49 INFO  no build target found for /Users/pamelavillar/Downloads/ludo-gui 2/prueba.scala. Using presentation compiler with project's scala-library version: 3.3.7
2026.06.16 08:26:47 INFO  no build target found for /Users/pamelavillar/Downloads/ludo-gui 2/prueba.scala. Using presentation compiler with project's scala-library version: 3.3.7
2026.06.16 08:26:47 INFO  no build target found for /Users/pamelavillar/Downloads/ludo-gui 2/prueba.scala. Using presentation compiler with project's scala-library version: 3.3.7
2026.06.16 08:26:47 INFO  no build target found for /Users/pamelavillar/Downloads/ludo-gui 2/prueba.scala. Using presentation compiler with project's scala-library version: 3.3.7
2026.06.16 08:27:04 INFO  no build target found for /Users/pamelavillar/Downloads/ludo-gui 2/prueba.scala. Using presentation compiler with project's scala-library version: 3.3.7
2026.06.16 08:27:09 INFO  no build target found for /Users/pamelavillar/Downloads/ludo-gui 2/prueba.scala. Using presentation compiler with project's scala-library version: 3.3.7
2026.06.16 08:27:09 INFO  no build target found for /Users/pamelavillar/Downloads/ludo-gui 2/prueba.scala. Using presentation compiler with project's scala-library version: 3.3.7
2026.06.16 08:27:09 INFO  no build target found for /Users/pamelavillar/Downloads/ludo-gui 2/prueba.scala. Using presentation compiler with project's scala-library version: 3.3.7
2026.06.16 08:27:11 INFO  no build target found for /Users/pamelavillar/Downloads/ludo-gui 2/prueba.scala. Using presentation compiler with project's scala-library version: 3.3.7
2026.06.16 08:27:11 INFO  no build target found for /Users/pamelavillar/Downloads/ludo-gui 2/prueba.scala. Using presentation compiler with project's scala-library version: 3.3.7
2026.06.16 08:27:11 INFO  empty definition using pc, found symbol in pc:  (full report at: "/Users/pamelavillar/Downloads/ludo-gui 2/.metals/.reports/metals-full/2026-06-16/r_empty-definition_07-15-11-515.md")
2026.06.16 08:27:11 INFO  no build target found for /Users/pamelavillar/Downloads/ludo-gui 2/prueba.scala. Using presentation compiler with project's scala-library version: 3.3.7
2026.06.16 08:27:11 INFO  no build target found for /Users/pamelavillar/Downloads/ludo-gui 2/prueba.scala. Using presentation compiler with project's scala-library version: 3.3.7
2026.06.16 08:27:11 INFO  no build target found for /Users/pamelavillar/Downloads/ludo-gui 2/prueba.scala. Using presentation compiler with project's scala-library version: 3.3.7
2026.06.16 08:27:12 INFO  empty definition using pc, found symbol in pc:  (full report at: "/Users/pamelavillar/Downloads/ludo-gui 2/.metals/.reports/metals-full/2026-06-16/r_empty-definition_07-15-11-515.md")
2026.06.16 08:27:11 INFO  no build target found for /Users/pamelavillar/Downloads/ludo-gui 2/prueba.scala. Using presentation compiler with project's scala-library version: 3.3.7
2026.06.16 08:27:12 INFO  no build target found for /Users/pamelavillar/Downloads/ludo-gui 2/prueba.scala. Using presentation compiler with project's scala-library version: 3.3.7
2026.06.16 08:27:12 INFO  no build target found for /Users/pamelavillar/Downloads/ludo-gui 2/prueba.scala. Using presentation compiler with project's scala-library version: 3.3.7
2026.06.16 08:27:15 INFO  no build target found for /Users/pamelavillar/Downloads/ludo-gui 2/prueba.scala. Using presentation compiler with project's scala-library version: 3.3.7
2026.06.16 08:27:15 INFO  no build target found for /Users/pamelavillar/Downloads/ludo-gui 2/prueba.scala. Using presentation compiler with project's scala-library version: 3.3.7
2026.06.16 08:27:16 INFO  no build target found for /Users/pamelavillar/Downloads/ludo-gui 2/prueba.scala. Using presentation compiler with project's scala-library version: 3.3.7
2026.06.16 08:27:16 INFO  no build target found for /Users/pamelavillar/Downloads/ludo-gui 2/prueba.scala. Using presentation compiler with project's scala-library version: 3.3.7
2026.06.16 08:27:18 INFO  no build target found for /Users/pamelavillar/Downloads/ludo-gui 2/prueba.scala. Using presentation compiler with project's scala-library version: 3.3.7
2026.06.16 08:27:31 INFO  no build target found for /Users/pamelavillar/Downloads/ludo-gui 2/prueba.scala. Using presentation compiler with project's scala-library version: 3.3.7
2026.06.16 08:27:47 INFO  no build target found for /Users/pamelavillar/Downloads/ludo-gui 2/prueba.scala. Using presentation compiler with project's scala-library version: 3.3.7
2026.06.16 08:27:47 INFO  no build target found for /Users/pamelavillar/Downloads/ludo-gui 2/prueba.scala. Using presentation compiler with project's scala-library version: 3.3.7
2026.06.16 08:28:22 INFO  no build target found for /Users/pamelavillar/Downloads/ludo-gui 2/prueba.scala. Using presentation compiler with project's scala-library version: 3.3.7
2026.06.16 08:28:22 INFO  no build target found for /Users/pamelavillar/Downloads/ludo-gui 2/prueba.scala. Using presentation compiler with project's scala-library version: 3.3.7
2026.06.16 08:28:22 INFO  no build target found for /Users/pamelavillar/Downloads/ludo-gui 2/prueba.scala. Using presentation compiler with project's scala-library version: 3.3.7
2026.06.16 08:28:22 INFO  no build target found for /Users/pamelavillar/Downloads/ludo-gui 2/prueba.scala. Using presentation compiler with project's scala-library version: 3.3.7
2026.06.16 08:28:23 INFO  no build target found for /Users/pamelavillar/Downloads/ludo-gui 2/prueba.scala. Using presentation compiler with project's scala-library version: 3.3.7
2026.06.16 08:28:23 INFO  no build target found for /Users/pamelavillar/Downloads/ludo-gui 2/prueba.scala. Using presentation compiler with project's scala-library version: 3.3.7
2026.06.16 08:28:23 INFO  no build target found for /Users/pamelavillar/Downloads/ludo-gui 2/prueba.scala. Using presentation compiler with project's scala-library version: 3.3.7
2026.06.16 08:28:23 INFO  no build target found for /Users/pamelavillar/Downloads/ludo-gui 2/prueba.scala. Using presentation compiler with project's scala-library version: 3.3.7
2026.06.16 08:28:24 INFO  no build target found for /Users/pamelavillar/Downloads/ludo-gui 2/prueba.scala. Using presentation compiler with project's scala-library version: 3.3.7
2026.06.16 08:28:23 INFO  no build target found for /Users/pamelavillar/Downloads/ludo-gui 2/prueba.scala. Using presentation compiler with project's scala-library version: 3.3.7
2026.06.16 08:28:24 INFO  no build target found for /Users/pamelavillar/Downloads/ludo-gui 2/prueba.scala. Using presentation compiler with project's scala-library version: 3.3.7
2026.06.16 08:28:24 INFO  no build target found for /Users/pamelavillar/Downloads/ludo-gui 2/prueba.scala. Using presentation compiler with project's scala-library version: 3.3.7
2026.06.16 08:28:24 INFO  no build target found for /Users/pamelavillar/Downloads/ludo-gui 2/prueba.scala. Using presentation compiler with project's scala-library version: 3.3.7
2026.06.16 08:28:26 INFO  no build target found for /Users/pamelavillar/Downloads/ludo-gui 2/prueba.scala. Using presentation compiler with project's scala-library version: 3.3.7
2026.06.16 08:28:26 INFO  no build target found for /Users/pamelavillar/Downloads/ludo-gui 2/prueba.scala. Using presentation compiler with project's scala-library version: 3.3.7
2026.06.16 08:28:26 INFO  no build target found for /Users/pamelavillar/Downloads/ludo-gui 2/prueba.scala. Using presentation compiler with project's scala-library version: 3.3.7
2026.06.16 08:28:26 INFO  no build target found for /Users/pamelavillar/Downloads/ludo-gui 2/prueba.scala. Using presentation compiler with project's scala-library version: 3.3.7
2026.06.16 08:28:26 INFO  no build target found for /Users/pamelavillar/Downloads/ludo-gui 2/prueba.scala. Using presentation compiler with project's scala-library version: 3.3.7
2026.06.16 08:28:26 INFO  no build target found for /Users/pamelavillar/Downloads/ludo-gui 2/prueba.scala. Using presentation compiler with project's scala-library version: 3.3.7
2026.06.16 08:28:26 INFO  no build target found for /Users/pamelavillar/Downloads/ludo-gui 2/prueba.scala. Using presentation compiler with project's scala-library version: 3.3.7
2026.06.16 08:28:27 INFO  no build target found for /Users/pamelavillar/Downloads/ludo-gui 2/prueba.scala. Using presentation compiler with project's scala-library version: 3.3.7
2026.06.16 08:28:28 INFO  no build target found for /Users/pamelavillar/Downloads/ludo-gui 2/prueba.scala. Using presentation compiler with project's scala-library version: 3.3.7
2026.06.16 08:28:28 INFO  no build target found for /Users/pamelavillar/Downloads/ludo-gui 2/prueba.scala. Using presentation compiler with project's scala-library version: 3.3.7
2026.06.16 08:28:28 INFO  no build target found for /Users/pamelavillar/Downloads/ludo-gui 2/prueba.scala. Using presentation compiler with project's scala-library version: 3.3.7
2026.06.16 08:28:28 INFO  skipping build import with status 'Installed'
2026.06.16 08:28:28 WARN  no build target for: /Users/pamelavillar/Downloads/ludo-gui 2/prueba.scala
2026.06.16 08:28:31 INFO  no build target found for /Users/pamelavillar/Downloads/ludo-gui 2/prueba.scala. Using presentation compiler with project's scala-library version: 3.3.7
2026.06.16 08:28:49 INFO  no build target found for /Users/pamelavillar/Downloads/ludo-gui 2/prueba.scala. Using presentation compiler with project's scala-library version: 3.3.7
2026.06.16 08:28:49 INFO  no build target found for /Users/pamelavillar/Downloads/ludo-gui 2/prueba.scala. Using presentation compiler with project's scala-library version: 3.3.7
2026.06.16 08:28:49 INFO  no build target found for /Users/pamelavillar/Downloads/ludo-gui 2/prueba.scala. Using presentation compiler with project's scala-library version: 3.3.7
2026.06.16 08:28:50 INFO  no build target found for /Users/pamelavillar/Downloads/ludo-gui 2/prueba.scala. Using presentation compiler with project's scala-library version: 3.3.7
2026.06.16 08:28:50 INFO  no build target found for /Users/pamelavillar/Downloads/ludo-gui 2/prueba.scala. Using presentation compiler with project's scala-library version: 3.3.7
2026.06.16 08:28:50 WARN  Could not find 'setColumnIndex' using presentation compiler nor semanticdb. Trying to guess the definition using available information from local class context. 
2026.06.16 08:28:50 INFO  Created report: Optional[file:///Users/pamelavillar/Downloads/ludo-gui%202/prueba.scala]
2026.06.16 08:28:50 INFO  empty definition using pc, found symbol in pc:  (full report at: "/Users/pamelavillar/Downloads/ludo-gui 2/.metals/.reports/metals-full/2026-06-16/r_empty-definition_08-28-50-577.md")
2026.06.16 08:28:50 INFO  no build target found for /Users/pamelavillar/Downloads/ludo-gui 2/prueba.scala. Using presentation compiler with project's scala-library version: 3.3.7
2026.06.16 08:28:50 INFO  no build target found for /Users/pamelavillar/Downloads/ludo-gui 2/prueba.scala. Using presentation compiler with project's scala-library version: 3.3.7
2026.06.16 08:28:51 WARN  Could not find 'setColumnIndex' using presentation compiler nor semanticdb. Trying to guess the definition using available information from local class context. 
2026.06.16 08:28:51 INFO  empty definition using pc, found symbol in pc:  (full report at: "/Users/pamelavillar/Downloads/ludo-gui 2/.metals/.reports/metals-full/2026-06-16/r_empty-definition_08-28-50-577.md")
2026.06.16 08:28:59 INFO  no build target found for /Users/pamelavillar/Downloads/ludo-gui 2/prueba.scala. Using presentation compiler with project's scala-library version: 3.3.7
2026.06.16 08:28:59 INFO  no build target found for /Users/pamelavillar/Downloads/ludo-gui 2/prueba.scala. Using presentation compiler with project's scala-library version: 3.3.7
2026.06.16 08:28:59 INFO  no build target found for /Users/pamelavillar/Downloads/ludo-gui 2/prueba.scala. Using presentation compiler with project's scala-library version: 3.3.7
2026.06.16 08:28:59 WARN  no build target for: /Users/pamelavillar/Downloads/ludo-gui 2/prueba.scala
2026.06.16 08:28:59 INFO  no build target found for /Users/pamelavillar/Downloads/ludo-gui 2/prueba.scala. Using presentation compiler with project's scala-library version: 3.3.7
2026.06.16 08:29:13 INFO  no build target found for /Users/pamelavillar/Downloads/ludo-gui 2/prueba.scala. Using presentation compiler with project's scala-library version: 3.3.7
2026.06.16 08:29:19 INFO  no build target found for /Users/pamelavillar/Downloads/ludo-gui 2/prueba.scala. Using presentation compiler with project's scala-library version: 3.3.7
2026.06.16 08:29:19 INFO  no build target found for /Users/pamelavillar/Downloads/ludo-gui 2/prueba.scala. Using presentation compiler with project's scala-library version: 3.3.7
2026.06.16 08:29:19 INFO  no build target found for /Users/pamelavillar/Downloads/ludo-gui 2/prueba.scala. Using presentation compiler with project's scala-library version: 3.3.7
2026.06.16 08:29:21 INFO  no build target found for /Users/pamelavillar/Downloads/ludo-gui 2/prueba.scala. Using presentation compiler with project's scala-library version: 3.3.7
2026.06.16 08:29:23 INFO  no build target found for /Users/pamelavillar/Downloads/ludo-gui 2/prueba.scala. Using presentation compiler with project's scala-library version: 3.3.7
2026.06.16 08:29:23 INFO  no build target found for /Users/pamelavillar/Downloads/ludo-gui 2/prueba.scala. Using presentation compiler with project's scala-library version: 3.3.7
2026.06.16 08:29:25 INFO  no build target found for /Users/pamelavillar/Downloads/ludo-gui 2/prueba.scala. Using presentation compiler with project's scala-library version: 3.3.7
2026.06.16 08:29:27 INFO  no build target found for /Users/pamelavillar/Downloads/ludo-gui 2/prueba.scala. Using presentation compiler with project's scala-library version: 3.3.7
2026.06.16 08:29:27 INFO  no build target found for /Users/pamelavillar/Downloads/ludo-gui 2/prueba.scala. Using presentation compiler with project's scala-library version: 3.3.7
2026.06.16 08:29:28 INFO  no build target found for /Users/pamelavillar/Downloads/ludo-gui 2/prueba.scala. Using presentation compiler with project's scala-library version: 3.3.7
2026.06.16 08:29:36 INFO  no build target found for /Users/pamelavillar/Downloads/ludo-gui 2/prueba.scala. Using presentation compiler with project's scala-library version: 3.3.7
2026.06.16 08:31:37 INFO  no build target found for /Users/pamelavillar/Downloads/ludo-gui 2/prueba.scala. Using presentation compiler with project's scala-library version: 3.3.7
2026.06.16 08:31:55 INFO  no build target found for /Users/pamelavillar/Downloads/ludo-gui 2/prueba.scala. Using presentation compiler with project's scala-library version: 3.3.7
2026.06.16 08:31:55 INFO  no build target found for /Users/pamelavillar/Downloads/ludo-gui 2/prueba.scala. Using presentation compiler with project's scala-library version: 3.3.7
2026.06.16 08:31:55 INFO  no build target found for /Users/pamelavillar/Downloads/ludo-gui 2/prueba.scala. Using presentation compiler with project's scala-library version: 3.3.7
2026.06.16 08:32:08 INFO  no build target found for /Users/pamelavillar/Downloads/ludo-gui 2/prueba.scala. Using presentation compiler with project's scala-library version: 3.3.7
2026.06.16 08:32:08 WARN  no build target for: /Users/pamelavillar/Downloads/ludo-gui 2/prueba.scala
2026.06.16 08:32:08 INFO  no build target found for /Users/pamelavillar/Downloads/ludo-gui 2/prueba.scala. Using presentation compiler with project's scala-library version: 3.3.7
2026.06.16 08:32:08 INFO  no build target found for /Users/pamelavillar/Downloads/ludo-gui 2/prueba.scala. Using presentation compiler with project's scala-library version: 3.3.7
2026.06.16 08:32:22 INFO  no build target found for /Users/pamelavillar/Downloads/ludo-gui 2/prueba.scala. Using presentation compiler with project's scala-library version: 3.3.7
2026.06.16 08:32:22 WARN  no build target for: /Users/pamelavillar/Downloads/ludo-gui 2/prueba.scala
2026.06.16 08:32:22 INFO  no build target found for /Users/pamelavillar/Downloads/ludo-gui 2/prueba.scala. Using presentation compiler with project's scala-library version: 3.3.7
2026.06.16 08:32:38 INFO  no build target found for /Users/pamelavillar/Downloads/ludo-gui 2/prueba.scala. Using presentation compiler with project's scala-library version: 3.3.7
2026.06.16 08:32:38 WARN  no build target for: /Users/pamelavillar/Downloads/ludo-gui 2/prueba.scala
2026.06.16 08:32:38 INFO  no build target found for /Users/pamelavillar/Downloads/ludo-gui 2/prueba.scala. Using presentation compiler with project's scala-library version: 3.3.7
2026.06.16 08:32:48 INFO  no build target found for /Users/pamelavillar/Downloads/ludo-gui 2/prueba.scala. Using presentation compiler with project's scala-library version: 3.3.7
2026.06.16 08:32:48 WARN  no build target for: /Users/pamelavillar/Downloads/ludo-gui 2/prueba.scala
2026.06.16 08:32:48 INFO  no build target found for /Users/pamelavillar/Downloads/ludo-gui 2/prueba.scala. Using presentation compiler with project's scala-library version: 3.3.7
2026.06.16 08:33:02 INFO  no build target found for /Users/pamelavillar/Downloads/ludo-gui 2/prueba.scala. Using presentation compiler with project's scala-library version: 3.3.7
2026.06.16 08:33:03 WARN  no build target for: /Users/pamelavillar/Downloads/ludo-gui 2/prueba.scala
2026.06.16 08:33:02 INFO  no build target found for /Users/pamelavillar/Downloads/ludo-gui 2/prueba.scala. Using presentation compiler with project's scala-library version: 3.3.7
2026.06.16 08:37:27 INFO  no build target found for /Users/pamelavillar/Downloads/ludo-gui 2/prueba.scala. Using presentation compiler with project's scala-library version: 3.3.7
2026.06.16 08:37:27 WARN  no build target for: /Users/pamelavillar/Downloads/ludo-gui 2/prueba.scala
2026.06.16 08:37:27 INFO  no build target found for /Users/pamelavillar/Downloads/ludo-gui 2/prueba.scala. Using presentation compiler with project's scala-library version: 3.3.7
2026.06.16 08:37:28 INFO  no build target found for /Users/pamelavillar/Downloads/ludo-gui 2/prueba.scala. Using presentation compiler with project's scala-library version: 3.3.7
2026.06.16 08:37:31 INFO  no build target found for /Users/pamelavillar/Downloads/ludo-gui 2/prueba.scala. Using presentation compiler with project's scala-library version: 3.3.7
2026.06.16 08:37:31 INFO  no build target found for /Users/pamelavillar/Downloads/ludo-gui 2/prueba.scala. Using presentation compiler with project's scala-library version: 3.3.7
2026.06.16 08:37:32 INFO  no build target found for /Users/pamelavillar/Downloads/ludo-gui 2/prueba.scala. Using presentation compiler with project's scala-library version: 3.3.7
2026.06.16 08:37:32 INFO  no build target found for /Users/pamelavillar/Downloads/ludo-gui 2/prueba.scala. Using presentation compiler with project's scala-library version: 3.3.7
2026.06.16 08:37:35 INFO  no build target found for /Users/pamelavillar/Downloads/ludo-gui 2/prueba.scala. Using presentation compiler with project's scala-library version: 3.3.7
2026.06.16 08:37:36 WARN  no build target for: /Users/pamelavillar/Downloads/ludo-gui 2/prueba.scala
2026.06.16 08:37:35 INFO  no build target found for /Users/pamelavillar/Downloads/ludo-gui 2/prueba.scala. Using presentation compiler with project's scala-library version: 3.3.7
2026.06.16 08:40:50 INFO  no build target found for /Users/pamelavillar/Downloads/ludo-gui 2/prueba.scala. Using presentation compiler with project's scala-library version: 3.3.7
2026.06.16 08:40:50 WARN  no build target for: /Users/pamelavillar/Downloads/ludo-gui 2/prueba.scala
2026.06.16 08:40:50 INFO  no build target found for /Users/pamelavillar/Downloads/ludo-gui 2/prueba.scala. Using presentation compiler with project's scala-library version: 3.3.7
2026.06.16 08:40:50 INFO  no build target found for /Users/pamelavillar/Downloads/ludo-gui 2/prueba.scala. Using presentation compiler with project's scala-library version: 3.3.7
2026.06.16 09:12:14 INFO  no build target found for /Users/pamelavillar/Downloads/ludo-gui 2/prueba.scala. Using presentation compiler with project's scala-library version: 3.3.7
2026.06.16 09:12:14 WARN  no build target for: /Users/pamelavillar/Downloads/ludo-gui 2/prueba.scala
2026.06.16 09:12:14 INFO  no build target found for /Users/pamelavillar/Downloads/ludo-gui 2/prueba.scala. Using presentation compiler with project's scala-library version: 3.3.7
2026.06.16 09:12:14 INFO  no build target found for /Users/pamelavillar/Downloads/ludo-gui 2/prueba.scala. Using presentation compiler with project's scala-library version: 3.3.7
2026.06.16 09:12:20 INFO  no build target found for /Users/pamelavillar/Downloads/ludo-gui 2/prueba.scala. Using presentation compiler with project's scala-library version: 3.3.7
2026.06.16 09:12:20 WARN  no build target for: /Users/pamelavillar/Downloads/ludo-gui 2/prueba.scala
2026.06.16 09:12:20 INFO  no build target found for /Users/pamelavillar/Downloads/ludo-gui 2/prueba.scala. Using presentation compiler with project's scala-library version: 3.3.7
2026.06.16 09:13:08 INFO  no build target found for /Users/pamelavillar/Downloads/ludo-gui 2/prueba.scala. Using presentation compiler with project's scala-library version: 3.3.7
2026.06.16 09:13:08 WARN  no build target for: /Users/pamelavillar/Downloads/ludo-gui 2/prueba.scala
2026.06.16 09:13:08 INFO  no build target found for /Users/pamelavillar/Downloads/ludo-gui 2/prueba.scala. Using presentation compiler with project's scala-library version: 3.3.7
2026.06.16 09:13:12 INFO  no build target found for /Users/pamelavillar/Downloads/ludo-gui 2/prueba.scala. Using presentation compiler with project's scala-library version: 3.3.7
2026.06.16 09:13:12 WARN  no build target for: /Users/pamelavillar/Downloads/ludo-gui 2/prueba.scala
2026.06.16 09:13:12 INFO  no build target found for /Users/pamelavillar/Downloads/ludo-gui 2/prueba.scala. Using presentation compiler with project's scala-library version: 3.3.7
2026.06.16 09:13:22 INFO  no build target found for /Users/pamelavillar/Downloads/ludo-gui 2/prueba.scala. Using presentation compiler with project's scala-library version: 3.3.7
2026.06.16 09:13:22 WARN  no build target for: /Users/pamelavillar/Downloads/ludo-gui 2/prueba.scala
2026.06.16 09:13:22 INFO  no build target found for /Users/pamelavillar/Downloads/ludo-gui 2/prueba.scala. Using presentation compiler with project's scala-library version: 3.3.7
2026.06.16 09:13:22 INFO  no build target found for /Users/pamelavillar/Downloads/ludo-gui 2/prueba.scala. Using presentation compiler with project's scala-library version: 3.3.7
2026.06.16 09:13:27 INFO  no build target found for /Users/pamelavillar/Downloads/ludo-gui 2/prueba.scala. Using presentation compiler with project's scala-library version: 3.3.7
2026.06.16 09:13:27 WARN  no build target for: /Users/pamelavillar/Downloads/ludo-gui 2/prueba.scala
2026.06.16 09:13:27 INFO  no build target found for /Users/pamelavillar/Downloads/ludo-gui 2/prueba.scala. Using presentation compiler with project's scala-library version: 3.3.7
2026.06.16 09:13:56 INFO  no build target found for /Users/pamelavillar/Downloads/ludo-gui 2/prueba.scala. Using presentation compiler with project's scala-library version: 3.3.7
2026.06.16 09:13:56 WARN  no build target for: /Users/pamelavillar/Downloads/ludo-gui 2/prueba.scala
2026.06.16 09:13:56 INFO  no build target found for /Users/pamelavillar/Downloads/ludo-gui 2/prueba.scala. Using presentation compiler with project's scala-library version: 3.3.7
2026.06.16 09:14:37 INFO  no build target found for /Users/pamelavillar/Downloads/ludo-gui 2/prueba.scala. Using presentation compiler with project's scala-library version: 3.3.7
2026.06.16 09:14:37 INFO  no build target found for /Users/pamelavillar/Downloads/ludo-gui 2/prueba.scala. Using presentation compiler with project's scala-library version: 3.3.7
2026.06.16 09:15:11 INFO  no build target found for /Users/pamelavillar/Downloads/ludo-gui 2/prueba.scala. Using presentation compiler with project's scala-library version: 3.3.7
2026.06.16 09:15:11 INFO  no build target found for /Users/pamelavillar/Downloads/ludo-gui 2/prueba.scala. Using presentation compiler with project's scala-library version: 3.3.7
2026.06.16 09:15:11 WARN  no build target for: /Users/pamelavillar/Downloads/ludo-gui 2/prueba.scala
2026.06.16 09:15:11 INFO  no build target found for /Users/pamelavillar/Downloads/ludo-gui 2/prueba.scala. Using presentation compiler with project's scala-library version: 3.3.7
2026.06.16 09:15:11 INFO  no build target found for /Users/pamelavillar/Downloads/ludo-gui 2/prueba.scala. Using presentation compiler with project's scala-library version: 3.3.7
2026.06.16 09:15:11 INFO  no build target found for /Users/pamelavillar/Downloads/ludo-gui 2/prueba.scala. Using presentation compiler with project's scala-library version: 3.3.7
2026.06.16 09:15:12 INFO  no build target found for /Users/pamelavillar/Downloads/ludo-gui 2/prueba.scala. Using presentation compiler with project's scala-library version: 3.3.7
2026.06.16 09:27:24 INFO  no build target found for /Users/pamelavillar/Downloads/ludo-gui 2/prueba.scala. Using presentation compiler with project's scala-library version: 3.3.7
2026.06.16 09:27:24 WARN  no build target for: /Users/pamelavillar/Downloads/ludo-gui 2/prueba.scala
2026.06.16 09:27:24 INFO  no build target found for /Users/pamelavillar/Downloads/ludo-gui 2/prueba.scala. Using presentation compiler with project's scala-library version: 3.3.7
2026.06.16 09:27:25 INFO  no build target found for /Users/pamelavillar/Downloads/ludo-gui 2/prueba.scala. Using presentation compiler with project's scala-library version: 3.3.7
2026.06.16 09:31:56 INFO  no build target found for /Users/pamelavillar/Downloads/ludo-gui 2/prueba.scala. Using presentation compiler with project's scala-library version: 3.3.7
2026.06.16 09:31:59 INFO  no build target found for /Users/pamelavillar/Downloads/ludo-gui 2/prueba.scala. Using presentation compiler with project's scala-library version: 3.3.7
2026.06.16 09:31:59 INFO  no build target found for /Users/pamelavillar/Downloads/ludo-gui 2/prueba.scala. Using presentation compiler with project's scala-library version: 3.3.7
2026.06.16 09:34:58 INFO  no build target found for /Users/pamelavillar/Downloads/ludo-gui 2/prueba.scala. Using presentation compiler with project's scala-library version: 3.3.7
2026.06.16 09:34:58 WARN  no build target for: /Users/pamelavillar/Downloads/ludo-gui 2/prueba.scala
2026.06.16 09:34:58 INFO  no build target found for /Users/pamelavillar/Downloads/ludo-gui 2/prueba.scala. Using presentation compiler with project's scala-library version: 3.3.7
2026.06.16 09:34:58 INFO  no build target found for /Users/pamelavillar/Downloads/ludo-gui 2/prueba.scala. Using presentation compiler with project's scala-library version: 3.3.7
2026.06.16 09:35:09 INFO  no build target found for /Users/pamelavillar/Downloads/ludo-gui 2/prueba.scala. Using presentation compiler with project's scala-library version: 3.3.7
2026.06.16 09:40:15 INFO  no build target found for /Users/pamelavillar/Downloads/ludo-gui 2/prueba.scala. Using presentation compiler with project's scala-library version: 3.3.7
2026.06.16 09:40:16 WARN  no build target for: /Users/pamelavillar/Downloads/ludo-gui 2/prueba.scala
2026.06.16 09:40:15 INFO  no build target found for /Users/pamelavillar/Downloads/ludo-gui 2/prueba.scala. Using presentation compiler with project's scala-library version: 3.3.7
2026.06.16 09:40:15 INFO  no build target found for /Users/pamelavillar/Downloads/ludo-gui 2/prueba.scala. Using presentation compiler with project's scala-library version: 3.3.7
2026.06.16 09:40:33 INFO  no build target found for /Users/pamelavillar/Downloads/ludo-gui 2/prueba.scala. Using presentation compiler with project's scala-library version: 3.3.7
2026.06.16 09:40:33 INFO  no build target found for /Users/pamelavillar/Downloads/ludo-gui 2/prueba.scala. Using presentation compiler with project's scala-library version: 3.3.7
2026.06.16 09:41:16 INFO  no build target found for /Users/pamelavillar/Downloads/ludo-gui 2/prueba.scala. Using presentation compiler with project's scala-library version: 3.3.7
2026.06.16 09:41:16 INFO  no build target found for /Users/pamelavillar/Downloads/ludo-gui 2/prueba.scala. Using presentation compiler with project's scala-library version: 3.3.7
2026.06.16 09:41:16 WARN  no build target for: /Users/pamelavillar/Downloads/ludo-gui 2/prueba.scala
2026.06.16 09:41:16 INFO  no build target found for /Users/pamelavillar/Downloads/ludo-gui 2/prueba.scala. Using presentation compiler with project's scala-library version: 3.3.7
2026.06.16 09:41:16 INFO  no build target found for /Users/pamelavillar/Downloads/ludo-gui 2/prueba.scala. Using presentation compiler with project's scala-library version: 3.3.7
2026.06.16 09:41:37 INFO  no build target found for /Users/pamelavillar/Downloads/ludo-gui 2/prueba.scala. Using presentation compiler with project's scala-library version: 3.3.7
2026.06.16 09:41:39 INFO  no build target found for /Users/pamelavillar/Downloads/ludo-gui 2/prueba.scala. Using presentation compiler with project's scala-library version: 3.3.7
2026.06.16 09:43:55 INFO  no build target found for /Users/pamelavillar/Downloads/ludo-gui 2/prueba.scala. Using presentation compiler with project's scala-library version: 3.3.7
2026.06.16 09:43:55 INFO  no build target found for /Users/pamelavillar/Downloads/ludo-gui 2/prueba.scala. Using presentation compiler with project's scala-library version: 3.3.7
2026.06.16 09:43:55 WARN  no build target for: /Users/pamelavillar/Downloads/ludo-gui 2/prueba.scala
2026.06.16 09:43:55 INFO  no build target found for /Users/pamelavillar/Downloads/ludo-gui 2/prueba.scala. Using presentation compiler with project's scala-library version: 3.3.7
2026.06.16 09:44:05 INFO  no build target found for /Users/pamelavillar/Downloads/ludo-gui 2/prueba.scala. Using presentation compiler with project's scala-library version: 3.3.7
2026.06.16 09:44:07 INFO  no build target found for /Users/pamelavillar/Downloads/ludo-gui 2/prueba.scala. Using presentation compiler with project's scala-library version: 3.3.7
2026.06.16 09:44:07 WARN  no build target for: /Users/pamelavillar/Downloads/ludo-gui 2/prueba.scala
2026.06.16 09:44:07 INFO  no build target found for /Users/pamelavillar/Downloads/ludo-gui 2/prueba.scala. Using presentation compiler with project's scala-library version: 3.3.7
2026.06.16 09:44:07 INFO  no build target found for /Users/pamelavillar/Downloads/ludo-gui 2/prueba.scala. Using presentation compiler with project's scala-library version: 3.3.7
2026.06.16 09:44:07 INFO  no build target found for /Users/pamelavillar/Downloads/ludo-gui 2/prueba.scala. Using presentation compiler with project's scala-library version: 3.3.7
2026.06.16 09:44:09 INFO  no build target found for /Users/pamelavillar/Downloads/ludo-gui 2/prueba.scala. Using presentation compiler with project's scala-library version: 3.3.7
2026.06.16 09:44:21 INFO  no build target found for /Users/pamelavillar/Downloads/ludo-gui 2/prueba.scala. Using presentation compiler with project's scala-library version: 3.3.7
2026.06.16 09:55:31 INFO  no build target found for /Users/pamelavillar/Downloads/ludo-gui 2/prueba.scala. Using presentation compiler with project's scala-library version: 3.3.7
2026.06.16 09:55:31 WARN  no build target for: /Users/pamelavillar/Downloads/ludo-gui 2/prueba.scala
2026.06.16 09:55:31 INFO  no build target found for /Users/pamelavillar/Downloads/ludo-gui 2/prueba.scala. Using presentation compiler with project's scala-library version: 3.3.7
2026.06.16 09:55:31 INFO  no build target found for /Users/pamelavillar/Downloads/ludo-gui 2/prueba.scala. Using presentation compiler with project's scala-library version: 3.3.7
2026.06.16 09:55:33 INFO  no build target found for /Users/pamelavillar/Downloads/ludo-gui 2/prueba.scala. Using presentation compiler with project's scala-library version: 3.3.7
2026.06.16 09:56:04 INFO  no build target found for /Users/pamelavillar/Downloads/ludo-gui 2/prueba.scala. Using presentation compiler with project's scala-library version: 3.3.7
2026.06.16 09:56:04 WARN  no build target for: /Users/pamelavillar/Downloads/ludo-gui 2/prueba.scala
2026.06.16 09:56:04 INFO  no build target found for /Users/pamelavillar/Downloads/ludo-gui 2/prueba.scala. Using presentation compiler with project's scala-library version: 3.3.7
2026.06.16 09:56:09 INFO  no build target found for /Users/pamelavillar/Downloads/ludo-gui 2/prueba.scala. Using presentation compiler with project's scala-library version: 3.3.7
2026.06.16 09:56:09 WARN  no build target for: /Users/pamelavillar/Downloads/ludo-gui 2/prueba.scala
2026.06.16 09:56:09 INFO  no build target found for /Users/pamelavillar/Downloads/ludo-gui 2/prueba.scala. Using presentation compiler with project's scala-library version: 3.3.7
2026.06.16 09:56:12 INFO  no build target found for /Users/pamelavillar/Downloads/ludo-gui 2/prueba.scala. Using presentation compiler with project's scala-library version: 3.3.7
2026.06.16 09:56:12 WARN  no build target for: /Users/pamelavillar/Downloads/ludo-gui 2/prueba.scala
2026.06.16 09:56:12 INFO  no build target found for /Users/pamelavillar/Downloads/ludo-gui 2/prueba.scala. Using presentation compiler with project's scala-library version: 3.3.7
2026.06.16 09:56:16 INFO  no build target found for /Users/pamelavillar/Downloads/ludo-gui 2/prueba.scala. Using presentation compiler with project's scala-library version: 3.3.7
2026.06.16 09:56:16 WARN  no build target for: /Users/pamelavillar/Downloads/ludo-gui 2/prueba.scala
2026.06.16 09:56:16 INFO  no build target found for /Users/pamelavillar/Downloads/ludo-gui 2/prueba.scala. Using presentation compiler with project's scala-library version: 3.3.7
2026.06.16 09:56:43 INFO  no build target found for /Users/pamelavillar/Downloads/ludo-gui 2/prueba.scala. Using presentation compiler with project's scala-library version: 3.3.7
2026.06.16 09:56:43 WARN  no build target for: /Users/pamelavillar/Downloads/ludo-gui 2/prueba.scala
2026.06.16 09:56:43 INFO  no build target found for /Users/pamelavillar/Downloads/ludo-gui 2/prueba.scala. Using presentation compiler with project's scala-library version: 3.3.7
2026.06.16 09:57:01 INFO  no build target found for /Users/pamelavillar/Downloads/ludo-gui 2/prueba.scala. Using presentation compiler with project's scala-library version: 3.3.7
Jun 16, 2026 9:57:01 AM org.eclipse.lsp4j.jsonrpc.RemoteEndpoint handleCancellation
WARNING: Unmatched cancel notification for request id 2828
2026.06.16 09:57:01 INFO  no build target found for /Users/pamelavillar/Downloads/ludo-gui 2/prueba.scala. Using presentation compiler with project's scala-library version: 3.3.7
2026.06.16 09:57:01 WARN  no build target for: /Users/pamelavillar/Downloads/ludo-gui 2/prueba.scala
2026.06.16 09:57:31 INFO  no build target found for /Users/pamelavillar/Downloads/ludo-gui 2/prueba.scala. Using presentation compiler with project's scala-library version: 3.3.7
2026.06.16 09:57:31 WARN  no build target for: /Users/pamelavillar/Downloads/ludo-gui 2/prueba.scala
2026.06.16 09:57:31 INFO  no build target found for /Users/pamelavillar/Downloads/ludo-gui 2/prueba.scala. Using presentation compiler with project's scala-library version: 3.3.7
2026.06.16 09:57:31 INFO  no build target found for /Users/pamelavillar/Downloads/ludo-gui 2/prueba.scala. Using presentation compiler with project's scala-library version: 3.3.7
2026.06.16 09:58:12 INFO  no build target found for /Users/pamelavillar/Downloads/ludo-gui 2/prueba.scala. Using presentation compiler with project's scala-library version: 3.3.7
2026.06.16 09:58:13 INFO  no build target found for /Users/pamelavillar/Downloads/ludo-gui 2/prueba.scala. Using presentation compiler with project's scala-library version: 3.3.7
2026.06.16 09:58:12 INFO  no build target found for /Users/pamelavillar/Downloads/ludo-gui 2/prueba.scala. Using presentation compiler with project's scala-library version: 3.3.7
2026.06.16 09:58:58 INFO  no build target found for /Users/pamelavillar/Downloads/ludo-gui 2/prueba.scala. Using presentation compiler with project's scala-library version: 3.3.7
2026.06.16 09:58:58 INFO  no build target found for /Users/pamelavillar/Downloads/ludo-gui 2/prueba.scala. Using presentation compiler with project's scala-library version: 3.3.7
2026.06.16 09:58:58 INFO  no build target found for /Users/pamelavillar/Downloads/ludo-gui 2/prueba.scala. Using presentation compiler with project's scala-library version: 3.3.7
2026.06.16 09:58:58 INFO  no build target found for /Users/pamelavillar/Downloads/ludo-gui 2/prueba.scala. Using presentation compiler with project's scala-library version: 3.3.7
2026.06.16 09:58:58 INFO  no build target found for /Users/pamelavillar/Downloads/ludo-gui 2/prueba.scala. Using presentation compiler with project's scala-library version: 3.3.7
2026.06.16 09:59:03 INFO  no build target found for /Users/pamelavillar/Downloads/ludo-gui 2/prueba.scala. Using presentation compiler with project's scala-library version: 3.3.7
2026.06.16 09:59:05 INFO  no build target found for /Users/pamelavillar/Downloads/ludo-gui 2/prueba.scala. Using presentation compiler with project's scala-library version: 3.3.7
2026.06.16 09:59:05 INFO  no build target found for /Users/pamelavillar/Downloads/ludo-gui 2/prueba.scala. Using presentation compiler with project's scala-library version: 3.3.7
2026.06.16 09:59:13 INFO  no build target found for /Users/pamelavillar/Downloads/ludo-gui 2/prueba.scala. Using presentation compiler with project's scala-library version: 3.3.7
2026.06.16 09:59:15 INFO  no build target found for /Users/pamelavillar/Downloads/ludo-gui 2/prueba.scala. Using presentation compiler with project's scala-library version: 3.3.7
2026.06.16 09:59:17 INFO  no build target found for /Users/pamelavillar/Downloads/ludo-gui 2/prueba.scala. Using presentation compiler with project's scala-library version: 3.3.7
2026.06.16 09:59:17 INFO  no build target found for /Users/pamelavillar/Downloads/ludo-gui 2/prueba.scala. Using presentation compiler with project's scala-library version: 3.3.7
2026.06.16 09:59:17 INFO  no build target found for /Users/pamelavillar/Downloads/ludo-gui 2/prueba.scala. Using presentation compiler with project's scala-library version: 3.3.7
Exception in thread "pool-302-thread-1" java.lang.InterruptedException
	at scala.meta.internal.metals.FutureCancelToken.checkCanceled(FutureCancelToken.scala:29)
	at scala.meta.internal.pc.CompilerAccess.onCompilerJobQueue$$anonfun$1(CompilerAccess.scala:208)
	at scala.meta.internal.pc.CompilerJobQueue$Job.run(CompilerJobQueue.scala:153)
	at java.base/java.util.concurrent.ThreadPoolExecutor.runWorker(ThreadPoolExecutor.java:1136)
	at java.base/java.util.concurrent.ThreadPoolExecutor$Worker.run(ThreadPoolExecutor.java:635)
	at java.base/java.lang.Thread.run(Thread.java:840)
Jun 16, 2026 10:02:15 AM org.eclipse.lsp4j.jsonrpc.RemoteEndpoint handleCancellation
WARNING: Unmatched cancel notification for request id 3205
Jun 16, 2026 10:02:33 AM org.eclipse.lsp4j.jsonrpc.RemoteEndpoint handleCancellation
WARNING: Unmatched cancel notification for request id 3301
Exception in thread "pool-5-thread-1" java.lang.InterruptedException
	at scala.meta.internal.metals.FutureCancelToken.checkCanceled(FutureCancelToken.scala:29)
	at scala.meta.internal.pc.CompilerAccess.onCompilerJobQueue$$anonfun$1(CompilerAccess.scala:208)
	at scala.meta.internal.pc.CompilerJobQueue$Job.run(CompilerJobQueue.scala:153)
	at java.base/java.util.concurrent.ThreadPoolExecutor.runWorker(ThreadPoolExecutor.java:1136)
	at java.base/java.util.concurrent.ThreadPoolExecutor$Worker.run(ThreadPoolExecutor.java:635)
	at java.base/java.lang.Thread.run(Thread.java:840)
2026.06.16 10:06:34 INFO  compiling ludo-gui-2 (1 scala source)
2026.06.16 10:06:37 INFO  time: compiled ludo-gui-2 in 2.42s
2026.06.16 10:07:51 WARN  Could not find 'map' using presentation compiler nor semanticdb. Trying to guess the definition using available information from local class context. 
2026.06.16 10:07:51 INFO  Created report: Optional[file:///Users/pamelavillar/Downloads/ludo-gui%202/src/main/scala/ludo/gui/components/BoardView.scala]
2026.06.16 10:07:51 INFO  empty definition using pc, found symbol in pc:  (full report at: "/Users/pamelavillar/Downloads/ludo-gui 2/.metals/.reports/metals-full/2026-06-16/r_empty-definition_(ludo-gui-2)_10-07-51-219.md")
Jun 16, 2026 10:08:38 AM org.eclipse.lsp4j.jsonrpc.RemoteEndpoint handleCancellation
WARNING: Unmatched cancel notification for request id 4265
2026.06.16 10:09:32 INFO  empty definition using pc, found symbol in pc:  (full report at: "/Users/pamelavillar/Downloads/ludo-gui 2/.metals/.reports/metals-full/2026-06-16/r_empty-definition_(ludo-gui-2)_10-07-51-219.md")
Exception in thread "pool-5-thread-2" java.lang.InterruptedException
	at scala.meta.internal.metals.FutureCancelToken.checkCanceled(FutureCancelToken.scala:29)
	at scala.meta.internal.pc.CompilerAccess.onCompilerJobQueue$$anonfun$1(CompilerAccess.scala:208)
	at scala.meta.internal.pc.CompilerJobQueue$Job.run(CompilerJobQueue.scala:153)
	at java.base/java.util.concurrent.ThreadPoolExecutor.runWorker(ThreadPoolExecutor.java:1136)
	at java.base/java.util.concurrent.ThreadPoolExecutor$Worker.run(ThreadPoolExecutor.java:635)
	at java.base/java.lang.Thread.run(Thread.java:840)
2026.06.16 10:10:18 INFO  compiling ludo-gui-2 (1 scala source)
2026.06.16 10:10:18 INFO  time: compiled ludo-gui-2 in 0.73s
2026.06.16 10:10:39 INFO  compiling ludo-gui-2 (1 scala source)
2026.06.16 10:10:40 INFO  time: compiled ludo-gui-2 in 1.02s
2026.06.16 10:10:41 WARN  Could not find 'map' using presentation compiler nor semanticdb. Trying to guess the definition using available information from local class context. 
2026.06.16 10:10:41 INFO  empty definition using pc, found symbol in pc:  (full report at: "/Users/pamelavillar/Downloads/ludo-gui 2/.metals/.reports/metals-full/2026-06-16/r_empty-definition_(ludo-gui-2)_10-07-51-219.md")
2026.06.16 10:10:41 INFO  empty definition using pc, found symbol in pc:  (full report at: "/Users/pamelavillar/Downloads/ludo-gui 2/.metals/.reports/metals-full/2026-06-16/r_empty-definition_(ludo-gui-2)_10-07-51-219.md")
Exception in thread "pool-5-thread-3" java.lang.InterruptedException
	at scala.meta.internal.metals.FutureCancelToken.checkCanceled(FutureCancelToken.scala:29)
	at scala.meta.internal.pc.CompilerAccess.onCompilerJobQueue$$anonfun$1(CompilerAccess.scala:208)
	at scala.meta.internal.pc.CompilerJobQueue$Job.run(CompilerJobQueue.scala:153)
	at java.base/java.util.concurrent.ThreadPoolExecutor.runWorker(ThreadPoolExecutor.java:1136)
	at java.base/java.util.concurrent.ThreadPoolExecutor$Worker.run(ThreadPoolExecutor.java:635)
	at java.base/java.lang.Thread.run(Thread.java:840)
2026.06.16 10:11:50 INFO  compiling ludo-gui-2 (1 scala source)
2026.06.16 10:11:50 INFO  empty definition using pc, found symbol in pc:  (full report at: "/Users/pamelavillar/Downloads/ludo-gui 2/.metals/.reports/metals-full/2026-06-16/r_empty-definition_(ludo-gui-2)_10-07-51-219.md")
2026.06.16 10:11:50 INFO  time: compiled ludo-gui-2 in 0.66s
2026.06.16 10:12:08 INFO  compiling ludo-gui-2 (1 scala source)
2026.06.16 10:12:08 INFO  time: compiled ludo-gui-2 in 0.6s
2026.06.16 10:12:21 INFO  compiling ludo-gui-2 (1 scala source)
2026.06.16 10:12:21 INFO  time: compiled ludo-gui-2 in 0.49s
2026.06.16 10:13:41 INFO  compiling ludo-gui-2 (1 scala source)
2026.06.16 10:13:41 INFO  time: compiled ludo-gui-2 in 0.44s
Jun 16, 2026 10:14:17 AM org.eclipse.lsp4j.jsonrpc.RemoteEndpoint handleCancellation
WARNING: Unmatched cancel notification for request id 5373
Jun 16, 2026 10:19:02 AM org.eclipse.lsp4j.jsonrpc.RemoteEndpoint handleCancellation
WARNING: Unmatched cancel notification for request id 5536
Exception in thread "pool-5-thread-4" java.lang.InterruptedException
	at scala.meta.internal.metals.FutureCancelToken.checkCanceled(FutureCancelToken.scala:29)
	at scala.meta.internal.pc.CompilerAccess.onCompilerJobQueue$$anonfun$1(CompilerAccess.scala:208)
	at scala.meta.internal.pc.CompilerJobQueue$Job.run(CompilerJobQueue.scala:153)
	at java.base/java.util.concurrent.ThreadPoolExecutor.runWorker(ThreadPoolExecutor.java:1136)
	at java.base/java.util.concurrent.ThreadPoolExecutor$Worker.run(ThreadPoolExecutor.java:635)
	at java.base/java.lang.Thread.run(Thread.java:840)
2026.06.16 10:19:52 INFO  empty definition using pc, found symbol in pc:  (full report at: "/Users/pamelavillar/Downloads/ludo-gui 2/.metals/.reports/metals-full/2026-06-16/r_empty-definition_(ludo-gui-2)_10-07-51-219.md")
2026.06.16 10:20:05 INFO  compiling ludo-gui-2 (1 scala source)
2026.06.16 10:20:05 INFO  time: compiled ludo-gui-2 in 0.46s
2026.06.16 10:20:21 INFO  compiling ludo-gui-2 (1 scala source)
2026.06.16 10:20:21 INFO  time: compiled ludo-gui-2 in 0.61s
2026.06.16 10:20:22 INFO  compiling ludo-gui-2 (1 scala source)
2026.06.16 10:20:22 INFO  time: compiled ludo-gui-2 in 0.38s
2026.06.16 10:21:06 INFO  no build target found for /Users/pamelavillar/Downloads/ludo-gui 2/prueba.scala. Using presentation compiler with project's scala-library version: 3.3.7
2026.06.16 10:21:06 WARN  no build target for: /Users/pamelavillar/Downloads/ludo-gui 2/prueba.scala
2026.06.16 10:21:06 INFO  no build target found for /Users/pamelavillar/Downloads/ludo-gui 2/prueba.scala. Using presentation compiler with project's scala-library version: 3.3.7
2026.06.16 10:21:06 INFO  no build target found for /Users/pamelavillar/Downloads/ludo-gui 2/prueba.scala. Using presentation compiler with project's scala-library version: 3.3.7
2026.06.16 10:21:17 INFO  compiling ludo-gui-2 (1 scala source)
2026.06.16 10:21:17 INFO  time: compiled ludo-gui-2 in 0.91s
2026.06.16 10:21:24 INFO  compiling ludo-gui-2 (1 scala source)
2026.06.16 10:21:24 INFO  time: compiled ludo-gui-2 in 0.47s
2026.06.16 10:26:39 INFO  no build target found for /Users/pamelavillar/Downloads/ludo-gui 2/prueba.scala. Using presentation compiler with project's scala-library version: 3.3.7
2026.06.16 10:26:40 WARN  no build target for: /Users/pamelavillar/Downloads/ludo-gui 2/prueba.scala
2026.06.16 10:26:39 INFO  no build target found for /Users/pamelavillar/Downloads/ludo-gui 2/prueba.scala. Using presentation compiler with project's scala-library version: 3.3.7
2026.06.16 10:27:36 INFO  no build target found for /Users/pamelavillar/Downloads/ludo-gui 2/pruebasss.scala. Using presentation compiler with project's scala-library version: 3.3.7
2026.06.16 10:27:36 WARN  no build target for: /Users/pamelavillar/Downloads/ludo-gui 2/pruebasss.scala
2026.06.16 10:27:37 INFO  no build target found for /Users/pamelavillar/Downloads/ludo-gui 2/pruebasss.scala. Using presentation compiler with project's scala-library version: 3.3.7
2026.06.16 10:27:37 INFO  no build target found for /Users/pamelavillar/Downloads/ludo-gui 2/pruebasss.scala. Using presentation compiler with project's scala-library version: 3.3.7
2026.06.16 10:27:37 INFO  no build target found for /Users/pamelavillar/Downloads/ludo-gui 2/pruebasss.scala. Using presentation compiler with project's scala-library version: 3.3.7
2026.06.16 10:27:37 INFO  no build target found for /Users/pamelavillar/Downloads/ludo-gui 2/pruebasss.scala. Using presentation compiler with project's scala-library version: 3.3.7
2026.06.16 10:27:39 INFO  no build target found for /Users/pamelavillar/Downloads/ludo-gui 2/pruebasss.scala. Using presentation compiler with project's scala-library version: 3.3.7
2026.06.16 10:27:39 INFO  no build target found for /Users/pamelavillar/Downloads/ludo-gui 2/pruebasss.scala. Using presentation compiler with project's scala-library version: 3.3.7
2026.06.16 10:27:42 INFO  no build target found for /Users/pamelavillar/Downloads/ludo-gui 2/pruebasss.scala. Using presentation compiler with project's scala-library version: 3.3.7
2026.06.16 10:27:42 INFO  no build target found for /Users/pamelavillar/Downloads/ludo-gui 2/pruebasss.scala. Using presentation compiler with project's scala-library version: 3.3.7
2026.06.16 10:27:42 INFO  no build target found for /Users/pamelavillar/Downloads/ludo-gui 2/pruebasss.scala. Using presentation compiler with project's scala-library version: 3.3.7
2026.06.16 10:27:50 INFO  no build target found for /Users/pamelavillar/Downloads/ludo-gui 2/pruebasss.scala. Using presentation compiler with project's scala-library version: 3.3.7
2026.06.16 10:27:50 WARN  no build target for: /Users/pamelavillar/Downloads/ludo-gui 2/pruebasss.scala
2026.06.16 10:27:50 INFO  no build target found for /Users/pamelavillar/Downloads/ludo-gui 2/pruebasss.scala. Using presentation compiler with project's scala-library version: 3.3.7
2026.06.16 10:27:51 WARN  no build target for: /Users/pamelavillar/Downloads/ludo-gui 2/pruebasss.scala
2026.06.16 10:27:51 INFO  skipping build import with status 'Installed'
2026.06.16 10:27:53 INFO  no build target found for /Users/pamelavillar/Downloads/ludo-gui 2/pruebasss.scala. Using presentation compiler with project's scala-library version: 3.3.7
2026.06.16 10:27:53 INFO  no build target found for /Users/pamelavillar/Downloads/ludo-gui 2/pruebasss.scala. Using presentation compiler with project's scala-library version: 3.3.7
2026.06.16 10:28:02 INFO  no build target found for /Users/pamelavillar/Downloads/ludo-gui 2/pruebasss.scala. Using presentation compiler with project's scala-library version: 3.3.7
2026.06.16 10:28:02 INFO  no build target found for /Users/pamelavillar/Downloads/ludo-gui 2/pruebasss.scala. Using presentation compiler with project's scala-library version: 3.3.7
2026.06.16 10:28:02 WARN  no build target for: /Users/pamelavillar/Downloads/ludo-gui 2/pruebasss.scala
2026.06.16 10:28:02 INFO  no build target found for /Users/pamelavillar/Downloads/ludo-gui 2/pruebasss.scala. Using presentation compiler with project's scala-library version: 3.3.7
2026.06.16 10:28:07 INFO  no build target found for /Users/pamelavillar/Downloads/ludo-gui 2/pruebasss.scala. Using presentation compiler with project's scala-library version: 3.3.7
2026.06.16 10:28:07 INFO  no build target found for /Users/pamelavillar/Downloads/ludo-gui 2/pruebasss.scala. Using presentation compiler with project's scala-library version: 3.3.7
2026.06.16 10:28:17 INFO  no build target found for /Users/pamelavillar/Downloads/ludo-gui 2/pruebasss.scala. Using presentation compiler with project's scala-library version: 3.3.7
2026.06.16 10:28:17 WARN  no build target for: /Users/pamelavillar/Downloads/ludo-gui 2/pruebasss.scala
2026.06.16 10:28:17 INFO  no build target found for /Users/pamelavillar/Downloads/ludo-gui 2/pruebasss.scala. Using presentation compiler with project's scala-library version: 3.3.7
2026.06.16 10:28:17 INFO  no build target found for /Users/pamelavillar/Downloads/ludo-gui 2/pruebasss.scala. Using presentation compiler with project's scala-library version: 3.3.7
2026.06.16 10:28:17 INFO  no build target found for /Users/pamelavillar/Downloads/ludo-gui 2/pruebasss.scala. Using presentation compiler with project's scala-library version: 3.3.7
2026.06.16 10:28:30 INFO  no build target found for /Users/pamelavillar/Downloads/ludo-gui 2/pruebasss.scala. Using presentation compiler with project's scala-library version: 3.3.7
2026.06.16 10:28:36 INFO  no build target found for /Users/pamelavillar/Downloads/ludo-gui 2/pruebasss.scala. Using presentation compiler with project's scala-library version: 3.3.7
2026.06.16 10:28:36 INFO  no build target found for /Users/pamelavillar/Downloads/ludo-gui 2/pruebasss.scala. Using presentation compiler with project's scala-library version: 3.3.7
2026.06.16 10:28:36 WARN  no build target for: /Users/pamelavillar/Downloads/ludo-gui 2/pruebasss.scala
2026.06.16 10:28:36 INFO  no build target found for /Users/pamelavillar/Downloads/ludo-gui 2/pruebasss.scala. Using presentation compiler with project's scala-library version: 3.3.7
2026.06.16 10:28:39 INFO  no build target found for /Users/pamelavillar/Downloads/ludo-gui 2/pruebasss.scala. Using presentation compiler with project's scala-library version: 3.3.7
2026.06.16 10:28:39 INFO  no build target found for /Users/pamelavillar/Downloads/ludo-gui 2/pruebasss.scala. Using presentation compiler with project's scala-library version: 3.3.7
2026.06.16 10:28:40 INFO  no build target found for /Users/pamelavillar/Downloads/ludo-gui 2/pruebasss.scala. Using presentation compiler with project's scala-library version: 3.3.7
2026.06.16 10:28:40 INFO  no build target found for /Users/pamelavillar/Downloads/ludo-gui 2/pruebasss.scala. Using presentation compiler with project's scala-library version: 3.3.7
2026.06.16 10:28:40 INFO  no build target found for /Users/pamelavillar/Downloads/ludo-gui 2/pruebasss.scala. Using presentation compiler with project's scala-library version: 3.3.7
2026.06.16 10:28:40 INFO  no build target found for /Users/pamelavillar/Downloads/ludo-gui 2/pruebasss.scala. Using presentation compiler with project's scala-library version: 3.3.7
2026.06.16 10:28:41 INFO  no build target found for /Users/pamelavillar/Downloads/ludo-gui 2/pruebasss.scala. Using presentation compiler with project's scala-library version: 3.3.7
2026.06.16 10:28:41 INFO  skipping build import with status 'Installed'
2026.06.16 10:28:41 WARN  no build target for: /Users/pamelavillar/Downloads/ludo-gui 2/pruebasss.scala
2026.06.16 10:28:43 INFO  no build target found for /Users/pamelavillar/Downloads/ludo-gui 2/pruebasss.scala. Using presentation compiler with project's scala-library version: 3.3.7
2026.06.16 10:28:50 INFO  no build target found for /Users/pamelavillar/Downloads/ludo-gui 2/pruebasss.scala. Using presentation compiler with project's scala-library version: 3.3.7
2026.06.16 10:28:50 WARN  no build target for: /Users/pamelavillar/Downloads/ludo-gui 2/pruebasss.scala
2026.06.16 10:28:50 INFO  no build target found for /Users/pamelavillar/Downloads/ludo-gui 2/pruebasss.scala. Using presentation compiler with project's scala-library version: 3.3.7
2026.06.16 10:28:52 INFO  no build target found for /Users/pamelavillar/Downloads/ludo-gui 2/pruebasss.scala. Using presentation compiler with project's scala-library version: 3.3.7
2026.06.16 10:29:41 INFO  no build target found for /Users/pamelavillar/Downloads/ludo-gui 2/pruebasss.scala. Using presentation compiler with project's scala-library version: 3.3.7
2026.06.16 10:29:41 INFO  compiling ludo-gui-2 (1 scala source)
2026.06.16 10:29:41 INFO  time: compiled ludo-gui-2 in 0.38s
Jun 16, 2026 10:29:44 AM org.eclipse.lsp4j.jsonrpc.services.GenericEndpoint notify
INFO: Unsupported notification method: $/setTrace
2026.06.16 10:30:46 INFO  no build target found for /Users/pamelavillar/Downloads/ludo-gui 2/prueba.scala. Using presentation compiler with project's scala-library version: 3.3.7
2026.06.16 10:30:47 WARN  no build target for: /Users/pamelavillar/Downloads/ludo-gui 2/prueba.scala
2026.06.16 10:30:46 INFO  no build target found for /Users/pamelavillar/Downloads/ludo-gui 2/prueba.scala. Using presentation compiler with project's scala-library version: 3.3.7
2026.06.16 10:31:42 INFO  compiling ludo-gui-2 (1 scala source)
2026.06.16 10:31:42 INFO  time: compiled ludo-gui-2 in 0.55s
2026.06.16 10:32:28 INFO  compiling ludo-gui-2 (1 scala source)
2026.06.16 10:32:28 INFO  time: compiled ludo-gui-2 in 0.32s
2026.06.16 10:32:29 WARN  Could not load snapshot text for /Users/pamelavillar/Downloads/ludo-gui 2/src/main/scala/ludo/gui/components/BoardView.scala
2026.06.16 10:32:31 WARN  Could not load snapshot text for /Users/pamelavillar/Downloads/ludo-gui 2/src/main/scala/ludo/gui/components/BoardView.scala
2026.06.16 10:32:51 WARN  Could not load snapshot text for /Users/pamelavillar/Downloads/ludo-gui 2/src/main/scala/ludo/gui/components/BoardView.scala
2026.06.16 10:32:53 WARN  Could not load snapshot text for /Users/pamelavillar/Downloads/ludo-gui 2/src/main/scala/ludo/gui/components/BoardView.scala
2026.06.16 10:32:53 INFO  compiling ludo-gui-2 (1 scala source)
2026.06.16 10:32:53 WARN  Could not load snapshot text for /Users/pamelavillar/Downloads/ludo-gui 2/src/main/scala/ludo/gui/components/BoardView.scala
2026.06.16 10:32:53 INFO  time: compiled ludo-gui-2 in 0.49s
Exception in thread "pool-5-thread-5" java.lang.InterruptedException
	at scala.meta.internal.metals.FutureCancelToken.checkCanceled(FutureCancelToken.scala:29)
	at scala.meta.internal.pc.CompilerAccess.onCompilerJobQueue$$anonfun$1(CompilerAccess.scala:208)
	at scala.meta.internal.pc.CompilerJobQueue$Job.run(CompilerJobQueue.scala:153)
	at java.base/java.util.concurrent.ThreadPoolExecutor.runWorker(ThreadPoolExecutor.java:1136)
	at java.base/java.util.concurrent.ThreadPoolExecutor$Worker.run(ThreadPoolExecutor.java:635)
	at java.base/java.lang.Thread.run(Thread.java:840)
Exception in thread "pool-5-thread-6" java.lang.InterruptedException
	at scala.meta.internal.metals.FutureCancelToken.checkCanceled(FutureCancelToken.scala:29)
	at scala.meta.internal.pc.CompilerAccess.onCompilerJobQueue$$anonfun$1(CompilerAccess.scala:208)
	at scala.meta.internal.pc.CompilerJobQueue$Job.run(CompilerJobQueue.scala:153)
	at java.base/java.util.concurrent.ThreadPoolExecutor.runWorker(ThreadPoolExecutor.java:1136)
	at java.base/java.util.concurrent.ThreadPoolExecutor$Worker.run(ThreadPoolExecutor.java:635)
	at java.base/java.lang.Thread.run(Thread.java:840)
2026.06.16 10:33:27 INFO  compiling ludo-gui-2 (1 scala source)
2026.06.16 10:33:27 INFO  time: compiled ludo-gui-2 in 0.38s
2026.06.16 10:33:39 INFO  compiling ludo-gui-2 (1 scala source)
2026.06.16 10:33:39 INFO  time: compiled ludo-gui-2 in 0.28s
2026.06.16 10:34:28 INFO  compiling ludo-gui-2 (1 scala source)
2026.06.16 10:34:28 INFO  time: compiled ludo-gui-2 in 0.44s
2026.06.16 10:34:39 INFO  compiling ludo-gui-2 (1 scala source)
2026.06.16 10:34:39 INFO  time: compiled ludo-gui-2 in 0.37s
2026.06.16 10:36:05 INFO  compiling ludo-gui-2 (1 scala source)
2026.06.16 10:36:05 INFO  time: compiled ludo-gui-2 in 0.37s
2026.06.16 10:39:57 INFO  no build target found for /Users/pamelavillar/Downloads/ludo-gui 2/prueba.scala. Using presentation compiler with project's scala-library version: 3.3.7
2026.06.16 10:39:57 WARN  no build target for: /Users/pamelavillar/Downloads/ludo-gui 2/prueba.scala
2026.06.16 10:39:57 INFO  no build target found for /Users/pamelavillar/Downloads/ludo-gui 2/prueba.scala. Using presentation compiler with project's scala-library version: 3.3.7
2026.06.16 10:39:57 INFO  no build target found for /Users/pamelavillar/Downloads/ludo-gui 2/prueba.scala. Using presentation compiler with project's scala-library version: 3.3.7
2026.06.16 10:40:00 INFO  no build target found for /Users/pamelavillar/Downloads/ludo-gui 2/prueba.scala. Using presentation compiler with project's scala-library version: 3.3.7
2026.06.16 10:40:00 INFO  no build target found for /Users/pamelavillar/Downloads/ludo-gui 2/prueba.scala. Using presentation compiler with project's scala-library version: 3.3.7
2026.06.16 10:40:01 INFO  no build target found for /Users/pamelavillar/Downloads/ludo-gui 2/prueba.scala. Using presentation compiler with project's scala-library version: 3.3.7
2026.06.16 10:40:01 INFO  no build target found for /Users/pamelavillar/Downloads/ludo-gui 2/prueba.scala. Using presentation compiler with project's scala-library version: 3.3.7
2026.06.16 10:40:01 INFO  no build target found for /Users/pamelavillar/Downloads/ludo-gui 2/prueba.scala. Using presentation compiler with project's scala-library version: 3.3.7
2026.06.16 10:40:01 INFO  no build target found for /Users/pamelavillar/Downloads/ludo-gui 2/prueba.scala. Using presentation compiler with project's scala-library version: 3.3.7
2026.06.16 10:40:01 INFO  no build target found for /Users/pamelavillar/Downloads/ludo-gui 2/prueba.scala. Using presentation compiler with project's scala-library version: 3.3.7
2026.06.16 10:40:04 INFO  no build target found for /Users/pamelavillar/Downloads/ludo-gui 2/prueba.scala. Using presentation compiler with project's scala-library version: 3.3.7
2026.06.16 10:40:04 WARN  no build target for: /Users/pamelavillar/Downloads/ludo-gui 2/prueba.scala
2026.06.16 10:40:04 INFO  no build target found for /Users/pamelavillar/Downloads/ludo-gui 2/prueba.scala. Using presentation compiler with project's scala-library version: 3.3.7
2026.06.16 10:40:04 INFO  no build target found for /Users/pamelavillar/Downloads/ludo-gui 2/prueba.scala. Using presentation compiler with project's scala-library version: 3.3.7
2026.06.16 10:40:05 INFO  no build target found for /Users/pamelavillar/Downloads/ludo-gui 2/prueba.scala. Using presentation compiler with project's scala-library version: 3.3.7
2026.06.16 10:40:05 INFO  no build target found for /Users/pamelavillar/Downloads/ludo-gui 2/prueba.scala. Using presentation compiler with project's scala-library version: 3.3.7
2026.06.16 10:40:05 INFO  no build target found for /Users/pamelavillar/Downloads/ludo-gui 2/prueba.scala. Using presentation compiler with project's scala-library version: 3.3.7
2026.06.16 10:40:06 INFO  no build target found for /Users/pamelavillar/Downloads/ludo-gui 2/prueba.scala. Using presentation compiler with project's scala-library version: 3.3.7
2026.06.16 10:40:06 WARN  Could not find 'CellView' using presentation compiler nor semanticdb. Trying to guess the definition using available information from local class context. 
2026.06.16 10:40:06 INFO  empty definition using pc, found symbol in pc:  (full report at: "/Users/pamelavillar/Downloads/ludo-gui 2/.metals/.reports/metals-full/2026-06-16/r_empty-definition_07-15-11-515.md")
2026.06.16 10:40:07 INFO  no build target found for /Users/pamelavillar/Downloads/ludo-gui 2/prueba.scala. Using presentation compiler with project's scala-library version: 3.3.7
2026.06.16 10:40:07 INFO  no build target found for /Users/pamelavillar/Downloads/ludo-gui 2/prueba.scala. Using presentation compiler with project's scala-library version: 3.3.7
2026.06.16 10:40:06 WARN  Could not find 'CellView' using presentation compiler nor semanticdb. Trying to guess the definition using available information from local class context. 
2026.06.16 10:40:06 INFO  empty definition using pc, found symbol in pc:  (full report at: "/Users/pamelavillar/Downloads/ludo-gui 2/.metals/.reports/metals-full/2026-06-16/r_empty-definition_07-15-11-515.md")
2026.06.16 10:40:14 INFO  no build target found for /Users/pamelavillar/Downloads/ludo-gui 2/prueba.scala. Using presentation compiler with project's scala-library version: 3.3.7
2026.06.16 10:40:14 WARN  no build target for: /Users/pamelavillar/Downloads/ludo-gui 2/prueba.scala
2026.06.16 10:40:14 INFO  no build target found for /Users/pamelavillar/Downloads/ludo-gui 2/prueba.scala. Using presentation compiler with project's scala-library version: 3.3.7
2026.06.16 10:40:14 INFO  no build target found for /Users/pamelavillar/Downloads/ludo-gui 2/prueba.scala. Using presentation compiler with project's scala-library version: 3.3.7
2026.06.16 10:40:19 INFO  no build target found for /Users/pamelavillar/Downloads/ludo-gui 2/prueba.scala. Using presentation compiler with project's scala-library version: 3.3.7
2026.06.16 10:40:19 WARN  no build target for: /Users/pamelavillar/Downloads/ludo-gui 2/prueba.scala
2026.06.16 10:40:19 INFO  no build target found for /Users/pamelavillar/Downloads/ludo-gui 2/prueba.scala. Using presentation compiler with project's scala-library version: 3.3.7
2026.06.16 10:40:19 INFO  no build target found for /Users/pamelavillar/Downloads/ludo-gui 2/prueba.scala. Using presentation compiler with project's scala-library version: 3.3.7
2026.06.16 10:40:19 INFO  no build target found for /Users/pamelavillar/Downloads/ludo-gui 2/prueba.scala. Using presentation compiler with project's scala-library version: 3.3.7
2026.06.16 10:40:20 INFO  no build target found for /Users/pamelavillar/Downloads/ludo-gui 2/prueba.scala. Using presentation compiler with project's scala-library version: 3.3.7
2026.06.16 10:40:20 INFO  no build target found for /Users/pamelavillar/Downloads/ludo-gui 2/prueba.scala. Using presentation compiler with project's scala-library version: 3.3.7
2026.06.16 10:40:20 INFO  no build target found for /Users/pamelavillar/Downloads/ludo-gui 2/prueba.scala. Using presentation compiler with project's scala-library version: 3.3.7
2026.06.16 10:40:20 INFO  no build target found for /Users/pamelavillar/Downloads/ludo-gui 2/prueba.scala. Using presentation compiler with project's scala-library version: 3.3.7
2026.06.16 10:40:20 INFO  no build target found for /Users/pamelavillar/Downloads/ludo-gui 2/prueba.scala. Using presentation compiler with project's scala-library version: 3.3.7
2026.06.16 10:40:22 INFO  no build target found for /Users/pamelavillar/Downloads/ludo-gui 2/prueba.scala. Using presentation compiler with project's scala-library version: 3.3.7
2026.06.16 10:40:22 INFO  no build target found for /Users/pamelavillar/Downloads/ludo-gui 2/prueba.scala. Using presentation compiler with project's scala-library version: 3.3.7
2026.06.16 10:40:22 INFO  no build target found for /Users/pamelavillar/Downloads/ludo-gui 2/prueba.scala. Using presentation compiler with project's scala-library version: 3.3.7
2026.06.16 10:40:22 INFO  no build target found for /Users/pamelavillar/Downloads/ludo-gui 2/prueba.scala. Using presentation compiler with project's scala-library version: 3.3.7
2026.06.16 10:40:22 INFO  no build target found for /Users/pamelavillar/Downloads/ludo-gui 2/prueba.scala. Using presentation compiler with project's scala-library version: 3.3.7
2026.06.16 10:40:38 INFO  no build target found for /Users/pamelavillar/Downloads/ludo-gui 2/prueba.scala. Using presentation compiler with project's scala-library version: 3.3.7
2026.06.16 10:40:38 INFO  no build target found for /Users/pamelavillar/Downloads/ludo-gui 2/prueba.scala. Using presentation compiler with project's scala-library version: 3.3.7
2026.06.16 10:40:38 WARN  no build target for: /Users/pamelavillar/Downloads/ludo-gui 2/prueba.scala
2026.06.16 10:40:38 INFO  no build target found for /Users/pamelavillar/Downloads/ludo-gui 2/prueba.scala. Using presentation compiler with project's scala-library version: 3.3.7
2026.06.16 10:40:47 INFO  no build target found for /Users/pamelavillar/Downloads/ludo-gui 2/prueba.scala. Using presentation compiler with project's scala-library version: 3.3.7
2026.06.16 10:40:47 WARN  no build target for: /Users/pamelavillar/Downloads/ludo-gui 2/prueba.scala
2026.06.16 10:40:47 INFO  no build target found for /Users/pamelavillar/Downloads/ludo-gui 2/prueba.scala. Using presentation compiler with project's scala-library version: 3.3.7
2026.06.16 10:40:47 INFO  no build target found for /Users/pamelavillar/Downloads/ludo-gui 2/prueba.scala. Using presentation compiler with project's scala-library version: 3.3.7
2026.06.16 10:40:47 INFO  no build target found for /Users/pamelavillar/Downloads/ludo-gui 2/prueba.scala. Using presentation compiler with project's scala-library version: 3.3.7
2026.06.16 10:40:48 INFO  no build target found for /Users/pamelavillar/Downloads/ludo-gui 2/prueba.scala. Using presentation compiler with project's scala-library version: 3.3.7
2026.06.16 10:40:50 INFO  no build target found for /Users/pamelavillar/Downloads/ludo-gui 2/prueba.scala. Using presentation compiler with project's scala-library version: 3.3.7
2026.06.16 10:40:50 WARN  no build target for: /Users/pamelavillar/Downloads/ludo-gui 2/prueba.scala
2026.06.16 10:40:50 INFO  no build target found for /Users/pamelavillar/Downloads/ludo-gui 2/prueba.scala. Using presentation compiler with project's scala-library version: 3.3.7
2026.06.16 10:40:50 INFO  no build target found for /Users/pamelavillar/Downloads/ludo-gui 2/prueba.scala. Using presentation compiler with project's scala-library version: 3.3.7
2026.06.16 10:40:50 INFO  no build target found for /Users/pamelavillar/Downloads/ludo-gui 2/prueba.scala. Using presentation compiler with project's scala-library version: 3.3.7
2026.06.16 10:40:51 INFO  no build target found for /Users/pamelavillar/Downloads/ludo-gui 2/prueba.scala. Using presentation compiler with project's scala-library version: 3.3.7
2026.06.16 10:40:51 INFO  no build target found for /Users/pamelavillar/Downloads/ludo-gui 2/prueba.scala. Using presentation compiler with project's scala-library version: 3.3.7
2026.06.16 10:41:20 INFO  no build target found for /Users/pamelavillar/Downloads/ludo-gui 2/prueba.scala. Using presentation compiler with project's scala-library version: 3.3.7
2026.06.16 10:41:20 WARN  no build target for: /Users/pamelavillar/Downloads/ludo-gui 2/prueba.scala
2026.06.16 10:41:20 INFO  no build target found for /Users/pamelavillar/Downloads/ludo-gui 2/prueba.scala. Using presentation compiler with project's scala-library version: 3.3.7
2026.06.16 10:41:20 INFO  no build target found for /Users/pamelavillar/Downloads/ludo-gui 2/prueba.scala. Using presentation compiler with project's scala-library version: 3.3.7
2026.06.16 10:41:20 INFO  no build target found for /Users/pamelavillar/Downloads/ludo-gui 2/prueba.scala. Using presentation compiler with project's scala-library version: 3.3.7
Jun 16, 2026 10:41:21 AM org.eclipse.lsp4j.jsonrpc.RemoteEndpoint handleCancellation
WARNING: Unmatched cancel notification for request id 7640
2026.06.16 10:41:35 INFO  no build target found for /Users/pamelavillar/Downloads/ludo-gui 2/prueba.scala. Using presentation compiler with project's scala-library version: 3.3.7
2026.06.16 10:41:35 WARN  no build target for: /Users/pamelavillar/Downloads/ludo-gui 2/prueba.scala
2026.06.16 10:41:35 INFO  no build target found for /Users/pamelavillar/Downloads/ludo-gui 2/prueba.scala. Using presentation compiler with project's scala-library version: 3.3.7
2026.06.16 10:41:35 INFO  no build target found for /Users/pamelavillar/Downloads/ludo-gui 2/prueba.scala. Using presentation compiler with project's scala-library version: 3.3.7
2026.06.16 10:41:37 INFO  no build target found for /Users/pamelavillar/Downloads/ludo-gui 2/prueba.scala. Using presentation compiler with project's scala-library version: 3.3.7
2026.06.16 10:41:37 INFO  no build target found for /Users/pamelavillar/Downloads/ludo-gui 2/prueba.scala. Using presentation compiler with project's scala-library version: 3.3.7
2026.06.16 10:41:44 INFO  no build target found for /Users/pamelavillar/Downloads/ludo-gui 2/prueba.scala. Using presentation compiler with project's scala-library version: 3.3.7
2026.06.16 10:41:44 WARN  no build target for: /Users/pamelavillar/Downloads/ludo-gui 2/prueba.scala
2026.06.16 10:41:44 INFO  no build target found for /Users/pamelavillar/Downloads/ludo-gui 2/prueba.scala. Using presentation compiler with project's scala-library version: 3.3.7
2026.06.16 10:41:44 INFO  no build target found for /Users/pamelavillar/Downloads/ludo-gui 2/prueba.scala. Using presentation compiler with project's scala-library version: 3.3.7
2026.06.16 10:41:49 INFO  no build target found for /Users/pamelavillar/Downloads/ludo-gui 2/prueba.scala. Using presentation compiler with project's scala-library version: 3.3.7
2026.06.16 10:41:49 INFO  no build target found for /Users/pamelavillar/Downloads/ludo-gui 2/prueba.scala. Using presentation compiler with project's scala-library version: 3.3.7
2026.06.16 10:41:52 INFO  no build target found for /Users/pamelavillar/Downloads/ludo-gui 2/prueba.scala. Using presentation compiler with project's scala-library version: 3.3.7
2026.06.16 10:42:05 INFO  no build target found for /Users/pamelavillar/Downloads/ludo-gui 2/prueba.scala. Using presentation compiler with project's scala-library version: 3.3.7
2026.06.16 10:42:05 WARN  no build target for: /Users/pamelavillar/Downloads/ludo-gui 2/prueba.scala
2026.06.16 10:42:05 INFO  no build target found for /Users/pamelavillar/Downloads/ludo-gui 2/prueba.scala. Using presentation compiler with project's scala-library version: 3.3.7
2026.06.16 10:42:05 INFO  no build target found for /Users/pamelavillar/Downloads/ludo-gui 2/prueba.scala. Using presentation compiler with project's scala-library version: 3.3.7
2026.06.16 10:42:32 INFO  no build target found for /Users/pamelavillar/Downloads/ludo-gui 2/prueba.scala. Using presentation compiler with project's scala-library version: 3.3.7
2026.06.16 10:42:32 WARN  no build target for: /Users/pamelavillar/Downloads/ludo-gui 2/prueba.scala
2026.06.16 10:42:32 INFO  no build target found for /Users/pamelavillar/Downloads/ludo-gui 2/prueba.scala. Using presentation compiler with project's scala-library version: 3.3.7
2026.06.16 10:42:32 INFO  no build target found for /Users/pamelavillar/Downloads/ludo-gui 2/prueba.scala. Using presentation compiler with project's scala-library version: 3.3.7
2026.06.16 10:42:39 INFO  no build target found for /Users/pamelavillar/Downloads/ludo-gui 2/prueba.scala. Using presentation compiler with project's scala-library version: 3.3.7
2026.06.16 10:42:39 WARN  no build target for: /Users/pamelavillar/Downloads/ludo-gui 2/prueba.scala
2026.06.16 10:42:39 INFO  no build target found for /Users/pamelavillar/Downloads/ludo-gui 2/prueba.scala. Using presentation compiler with project's scala-library version: 3.3.7
2026.06.16 10:42:39 INFO  no build target found for /Users/pamelavillar/Downloads/ludo-gui 2/prueba.scala. Using presentation compiler with project's scala-library version: 3.3.7
2026.06.16 10:42:45 INFO  no build target found for /Users/pamelavillar/Downloads/ludo-gui 2/prueba.scala. Using presentation compiler with project's scala-library version: 3.3.7
2026.06.16 10:42:45 INFO  no build target found for /Users/pamelavillar/Downloads/ludo-gui 2/prueba.scala. Using presentation compiler with project's scala-library version: 3.3.7
2026.06.16 10:42:45 INFO  no build target found for /Users/pamelavillar/Downloads/ludo-gui 2/prueba.scala. Using presentation compiler with project's scala-library version: 3.3.7
2026.06.16 10:42:48 INFO  no build target found for /Users/pamelavillar/Downloads/ludo-gui 2/prueba.scala. Using presentation compiler with project's scala-library version: 3.3.7
2026.06.16 10:42:48 WARN  no build target for: /Users/pamelavillar/Downloads/ludo-gui 2/prueba.scala
2026.06.16 10:42:48 INFO  no build target found for /Users/pamelavillar/Downloads/ludo-gui 2/prueba.scala. Using presentation compiler with project's scala-library version: 3.3.7
2026.06.16 10:42:48 INFO  no build target found for /Users/pamelavillar/Downloads/ludo-gui 2/prueba.scala. Using presentation compiler with project's scala-library version: 3.3.7
2026.06.16 10:42:53 INFO  no build target found for /Users/pamelavillar/Downloads/ludo-gui 2/prueba.scala. Using presentation compiler with project's scala-library version: 3.3.7
2026.06.16 10:42:53 WARN  no build target for: /Users/pamelavillar/Downloads/ludo-gui 2/prueba.scala
2026.06.16 10:42:53 INFO  no build target found for /Users/pamelavillar/Downloads/ludo-gui 2/prueba.scala. Using presentation compiler with project's scala-library version: 3.3.7
2026.06.16 10:42:53 INFO  no build target found for /Users/pamelavillar/Downloads/ludo-gui 2/prueba.scala. Using presentation compiler with project's scala-library version: 3.3.7
2026.06.16 10:43:04 INFO  no build target found for /Users/pamelavillar/Downloads/ludo-gui 2/prueba.scala. Using presentation compiler with project's scala-library version: 3.3.7
2026.06.16 10:43:04 INFO  no build target found for /Users/pamelavillar/Downloads/ludo-gui 2/prueba.scala. Using presentation compiler with project's scala-library version: 3.3.7
2026.06.16 10:43:04 WARN  no build target for: /Users/pamelavillar/Downloads/ludo-gui 2/prueba.scala
2026.06.16 10:43:04 INFO  no build target found for /Users/pamelavillar/Downloads/ludo-gui 2/prueba.scala. Using presentation compiler with project's scala-library version: 3.3.7
2026.06.16 10:43:12 INFO  no build target found for /Users/pamelavillar/Downloads/ludo-gui 2/prueba.scala. Using presentation compiler with project's scala-library version: 3.3.7
2026.06.16 10:43:12 WARN  no build target for: /Users/pamelavillar/Downloads/ludo-gui 2/prueba.scala
2026.06.16 10:43:12 INFO  no build target found for /Users/pamelavillar/Downloads/ludo-gui 2/prueba.scala. Using presentation compiler with project's scala-library version: 3.3.7
2026.06.16 10:43:12 INFO  no build target found for /Users/pamelavillar/Downloads/ludo-gui 2/prueba.scala. Using presentation compiler with project's scala-library version: 3.3.7
2026.06.16 10:43:24 INFO  no build target found for /Users/pamelavillar/Downloads/ludo-gui 2/prueba.scala. Using presentation compiler with project's scala-library version: 3.3.7
2026.06.16 10:43:24 INFO  no build target found for /Users/pamelavillar/Downloads/ludo-gui 2/prueba.scala. Using presentation compiler with project's scala-library version: 3.3.7
2026.06.16 10:43:24 WARN  no build target for: /Users/pamelavillar/Downloads/ludo-gui 2/prueba.scala
2026.06.16 10:43:24 INFO  no build target found for /Users/pamelavillar/Downloads/ludo-gui 2/prueba.scala. Using presentation compiler with project's scala-library version: 3.3.7
2026.06.16 10:43:24 INFO  no build target found for /Users/pamelavillar/Downloads/ludo-gui 2/prueba.scala. Using presentation compiler with project's scala-library version: 3.3.7
2026.06.16 10:43:33 INFO  no build target found for /Users/pamelavillar/Downloads/ludo-gui 2/prueba.scala. Using presentation compiler with project's scala-library version: 3.3.7
2026.06.16 10:43:33 WARN  no build target for: /Users/pamelavillar/Downloads/ludo-gui 2/prueba.scala
2026.06.16 10:43:33 INFO  no build target found for /Users/pamelavillar/Downloads/ludo-gui 2/prueba.scala. Using presentation compiler with project's scala-library version: 3.3.7
2026.06.16 10:43:33 INFO  no build target found for /Users/pamelavillar/Downloads/ludo-gui 2/prueba.scala. Using presentation compiler with project's scala-library version: 3.3.7
2026.06.16 10:43:53 INFO  no build target found for /Users/pamelavillar/Downloads/ludo-gui 2/prueba.scala. Using presentation compiler with project's scala-library version: 3.3.7
2026.06.16 10:44:11 INFO  no build target found for /Users/pamelavillar/Downloads/ludo-gui 2/prueba.scala. Using presentation compiler with project's scala-library version: 3.3.7
2026.06.16 10:44:11 WARN  no build target for: /Users/pamelavillar/Downloads/ludo-gui 2/prueba.scala
2026.06.16 10:44:11 INFO  no build target found for /Users/pamelavillar/Downloads/ludo-gui 2/prueba.scala. Using presentation compiler with project's scala-library version: 3.3.7
2026.06.16 10:44:11 INFO  no build target found for /Users/pamelavillar/Downloads/ludo-gui 2/prueba.scala. Using presentation compiler with project's scala-library version: 3.3.7
2026.06.16 10:44:13 INFO  no build target found for /Users/pamelavillar/Downloads/ludo-gui 2/prueba.scala. Using presentation compiler with project's scala-library version: 3.3.7
Jun 16, 2026 10:44:37 AM org.eclipse.lsp4j.jsonrpc.RemoteEndpoint handleCancellation
WARNING: Unmatched cancel notification for request id 7923
2026.06.16 10:45:03 INFO  no build target found for /Users/pamelavillar/Downloads/ludo-gui 2/prueba.scala. Using presentation compiler with project's scala-library version: 3.3.7
2026.06.16 10:45:03 WARN  no build target for: /Users/pamelavillar/Downloads/ludo-gui 2/prueba.scala
2026.06.16 10:45:03 INFO  no build target found for /Users/pamelavillar/Downloads/ludo-gui 2/prueba.scala. Using presentation compiler with project's scala-library version: 3.3.7
2026.06.16 10:45:05 INFO  no build target found for /Users/pamelavillar/Downloads/ludo-gui 2/prueba.scala. Using presentation compiler with project's scala-library version: 3.3.7
2026.06.16 10:45:05 INFO  no build target found for /Users/pamelavillar/Downloads/ludo-gui 2/prueba.scala. Using presentation compiler with project's scala-library version: 3.3.7
2026.06.16 10:45:34 INFO  no build target found for /Users/pamelavillar/Downloads/ludo-gui 2/prueba.scala. Using presentation compiler with project's scala-library version: 3.3.7
2026.06.16 10:45:34 INFO  no build target found for /Users/pamelavillar/Downloads/ludo-gui 2/prueba.scala. Using presentation compiler with project's scala-library version: 3.3.7
2026.06.16 10:45:34 INFO  no build target found for /Users/pamelavillar/Downloads/ludo-gui 2/prueba.scala. Using presentation compiler with project's scala-library version: 3.3.7
2026.06.16 10:45:41 INFO  no build target found for /Users/pamelavillar/Downloads/ludo-gui 2/prueba.scala. Using presentation compiler with project's scala-library version: 3.3.7
2026.06.16 10:45:41 INFO  no build target found for /Users/pamelavillar/Downloads/ludo-gui 2/prueba.scala. Using presentation compiler with project's scala-library version: 3.3.7
2026.06.16 10:45:41 INFO  no build target found for /Users/pamelavillar/Downloads/ludo-gui 2/prueba.scala. Using presentation compiler with project's scala-library version: 3.3.7
2026.06.16 10:52:14 INFO  compiling ludo-gui-2 (1 scala source)
2026.06.16 10:52:14 INFO  time: compiled ludo-gui-2 in 50ms
2026.06.16 10:52:19 INFO  compiling ludo-gui-2 (1 scala source)
2026.06.16 10:52:19 INFO  time: compiled ludo-gui-2 in 0.48s
2026.06.16 10:53:56 INFO  compiling ludo-gui-2 (1 scala source)
2026.06.16 10:53:56 INFO  time: compiled ludo-gui-2 in 0.54s
2026.06.16 10:54:04 INFO  Created report: Optional[file:///Users/pamelavillar/Downloads/ludo-gui%202/src/main/scala/ludo/gui/components/pruebita_board.scala]
2026.06.16 10:54:04 INFO  empty definition using pc, found symbol in pc:  (full report at: "/Users/pamelavillar/Downloads/ludo-gui 2/.metals/.reports/metals-full/2026-06-16/r_empty-definition_(ludo-gui-2)_10-54-04-659.md")
2026.06.16 10:54:10 INFO  no build target found for /Users/pamelavillar/Downloads/ludo-gui 2/prueba.scala. Using presentation compiler with project's scala-library version: 3.3.7
2026.06.16 10:54:10 WARN  no build target for: /Users/pamelavillar/Downloads/ludo-gui 2/prueba.scala
2026.06.16 10:54:10 INFO  no build target found for /Users/pamelavillar/Downloads/ludo-gui 2/prueba.scala. Using presentation compiler with project's scala-library version: 3.3.7
2026.06.16 10:54:20 INFO  no build target found for /Users/pamelavillar/Downloads/ludo-gui 2/prueba.scala. Using presentation compiler with project's scala-library version: 3.3.7
2026.06.16 10:54:20 INFO  no build target found for /Users/pamelavillar/Downloads/ludo-gui 2/prueba.scala. Using presentation compiler with project's scala-library version: 3.3.7
2026.06.16 10:54:22 INFO  no build target found for /Users/pamelavillar/Downloads/ludo-gui 2/prueba.scala. Using presentation compiler with project's scala-library version: 3.3.7
2026.06.16 10:54:22 INFO  no build target found for /Users/pamelavillar/Downloads/ludo-gui 2/prueba.scala. Using presentation compiler with project's scala-library version: 3.3.7
2026.06.16 10:54:22 INFO  no build target found for /Users/pamelavillar/Downloads/ludo-gui 2/prueba.scala. Using presentation compiler with project's scala-library version: 3.3.7
2026.06.16 10:54:22 INFO  no build target found for /Users/pamelavillar/Downloads/ludo-gui 2/prueba.scala. Using presentation compiler with project's scala-library version: 3.3.7
2026.06.16 10:54:22 INFO  no build target found for /Users/pamelavillar/Downloads/ludo-gui 2/prueba.scala. Using presentation compiler with project's scala-library version: 3.3.7
Jun 16, 2026 10:54:32 AM org.eclipse.lsp4j.jsonrpc.RemoteEndpoint handleCancellation
WARNING: Unmatched cancel notification for request id 8263
2026.06.16 10:54:39 INFO  compiling ludo-gui-2 (1 scala source)
2026.06.16 10:54:39 INFO  time: compiled ludo-gui-2 in 0.44s
2026.06.16 10:55:23 INFO  no build target found for /Users/pamelavillar/Downloads/ludo-gui 2/prueba.scala. Using presentation compiler with project's scala-library version: 3.3.7
2026.06.16 10:55:23 WARN  no build target for: /Users/pamelavillar/Downloads/ludo-gui 2/prueba.scala
2026.06.16 10:55:24 INFO  no build target found for /Users/pamelavillar/Downloads/ludo-gui 2/prueba.scala. Using presentation compiler with project's scala-library version: 3.3.7
2026.06.16 10:55:24 INFO  no build target found for /Users/pamelavillar/Downloads/ludo-gui 2/prueba.scala. Using presentation compiler with project's scala-library version: 3.3.7
2026.06.16 10:55:26 INFO  no build target found for /Users/pamelavillar/Downloads/ludo-gui 2/prueba.scala. Using presentation compiler with project's scala-library version: 3.3.7
2026.06.16 10:55:26 INFO  no build target found for /Users/pamelavillar/Downloads/ludo-gui 2/prueba.scala. Using presentation compiler with project's scala-library version: 3.3.7
2026.06.16 10:55:27 INFO  no build target found for /Users/pamelavillar/Downloads/ludo-gui 2/prueba.scala. Using presentation compiler with project's scala-library version: 3.3.7
Exception in thread "pool-379-thread-1" java.lang.InterruptedException
	at scala.meta.internal.metals.FutureCancelToken.checkCanceled(FutureCancelToken.scala:29)
	at scala.meta.internal.pc.CompilerAccess.onCompilerJobQueue$$anonfun$1(CompilerAccess.scala:208)
	at scala.meta.internal.pc.CompilerJobQueue$Job.run(CompilerJobQueue.scala:153)
	at java.base/java.util.concurrent.ThreadPoolExecutor.runWorker(ThreadPoolExecutor.java:1136)
	at java.base/java.util.concurrent.ThreadPoolExecutor$Worker.run(ThreadPoolExecutor.java:635)
	at java.base/java.lang.Thread.run(Thread.java:840)
2026.06.16 10:55:27 INFO  no build target found for /Users/pamelavillar/Downloads/ludo-gui 2/prueba.scala. Using presentation compiler with project's scala-library version: 3.3.7
2026.06.16 10:55:27 INFO  no build target found for /Users/pamelavillar/Downloads/ludo-gui 2/prueba.scala. Using presentation compiler with project's scala-library version: 3.3.7
2026.06.16 10:55:27 INFO  no build target found for /Users/pamelavillar/Downloads/ludo-gui 2/prueba.scala. Using presentation compiler with project's scala-library version: 3.3.7
2026.06.16 10:55:32 INFO  compiling ludo-gui-2 (1 scala source)
2026.06.16 10:55:32 INFO  time: compiled ludo-gui-2 in 0.44s
2026.06.16 10:55:59 INFO  compiling ludo-gui-2 (1 scala source)
2026.06.16 10:55:59 INFO  time: compiled ludo-gui-2 in 0.45s
2026.06.16 10:56:10 WARN  Could not find 'staticCell' using presentation compiler nor semanticdb. Trying to guess the definition using available information from local class context. 
2026.06.16 10:56:10 INFO  empty definition using pc, found symbol in pc:  (full report at: "/Users/pamelavillar/Downloads/ludo-gui 2/.metals/.reports/metals-full/2026-06-16/r_empty-definition_(ludo-gui-2)_10-54-04-659.md")
2026.06.16 10:56:10 INFO  empty definition using pc, found symbol in pc:  (full report at: "/Users/pamelavillar/Downloads/ludo-gui 2/.metals/.reports/metals-full/2026-06-16/r_empty-definition_(ludo-gui-2)_10-54-04-659.md")
2026.06.16 10:56:10 INFO  empty definition using pc, found symbol in pc:  (full report at: "/Users/pamelavillar/Downloads/ludo-gui 2/.metals/.reports/metals-full/2026-06-16/r_empty-definition_(ludo-gui-2)_10-54-04-659.md")
2026.06.16 10:56:12 INFO  compiling ludo-gui-2 (1 scala source)
2026.06.16 10:56:12 INFO  empty definition using pc, found symbol in pc:  (full report at: "/Users/pamelavillar/Downloads/ludo-gui 2/.metals/.reports/metals-full/2026-06-16/r_empty-definition_(ludo-gui-2)_10-54-04-659.md")
2026.06.16 10:56:12 INFO  time: compiled ludo-gui-2 in 0.44s
2026.06.16 10:56:21 INFO  compiling ludo-gui-2 (1 scala source)
2026.06.16 10:56:21 INFO  time: compiled ludo-gui-2 in 0.34s
2026.06.16 10:56:59 INFO  empty definition using pc, found symbol in pc:  (full report at: "/Users/pamelavillar/Downloads/ludo-gui 2/.metals/.reports/metals-full/2026-06-16/r_empty-definition_(ludo-gui-2)_10-54-04-659.md")
2026.06.16 10:57:00 WARN  Could not find 'CellView' using presentation compiler nor semanticdb. Trying to guess the definition using available information from local class context. 
2026.06.16 10:57:00 INFO  empty definition using pc, found symbol in pc:  (full report at: "/Users/pamelavillar/Downloads/ludo-gui 2/.metals/.reports/metals-full/2026-06-16/r_empty-definition_(ludo-gui-2)_10-54-04-659.md")
2026.06.16 10:58:54 INFO  empty definition using pc, found symbol in pc:  (full report at: "/Users/pamelavillar/Downloads/ludo-gui 2/.metals/.reports/metals-full/2026-06-16/r_empty-definition_(ludo-gui-2)_10-54-04-659.md")
2026.06.16 10:58:54 INFO  empty definition using pc, found symbol in pc:  (full report at: "/Users/pamelavillar/Downloads/ludo-gui 2/.metals/.reports/metals-full/2026-06-16/r_empty-definition_(ludo-gui-2)_10-54-04-659.md")
2026.06.16 10:59:01 INFO  compiling ludo-gui-2 (1 scala source)
2026.06.16 10:59:01 INFO  time: compiled ludo-gui-2 in 0.4s
2026.06.16 10:59:05 INFO  compiling ludo-gui-2 (1 scala source)
2026.06.16 10:59:05 INFO  time: compiled ludo-gui-2 in 0.35s
2026.06.16 10:59:20 INFO  compiling ludo-gui-2 (1 scala source)
2026.06.16 10:59:20 INFO  time: compiled ludo-gui-2 in 0.46s
2026.06.16 11:01:02 INFO  empty definition using pc, found symbol in pc:  (full report at: "/Users/pamelavillar/Downloads/ludo-gui 2/.metals/.reports/metals-full/2026-06-16/r_empty-definition_(ludo-gui-2)_10-54-04-659.md")
2026.06.16 11:01:04 INFO  compiling ludo-gui-2 (1 scala source)
2026.06.16 11:01:04 INFO  time: compiled ludo-gui-2 in 0.41s
2026.06.16 11:01:11 INFO  compiling ludo-gui-2 (1 scala source)
2026.06.16 11:01:11 INFO  time: compiled ludo-gui-2 in 0.39s
2026.06.16 11:01:40 INFO  no build target found for /Users/pamelavillar/Downloads/ludo-gui 2/prueba.scala. Using presentation compiler with project's scala-library version: 3.3.7
2026.06.16 11:01:40 WARN  no build target for: /Users/pamelavillar/Downloads/ludo-gui 2/prueba.scala
2026.06.16 11:01:40 INFO  no build target found for /Users/pamelavillar/Downloads/ludo-gui 2/prueba.scala. Using presentation compiler with project's scala-library version: 3.3.7
2026.06.16 11:01:40 INFO  no build target found for /Users/pamelavillar/Downloads/ludo-gui 2/prueba.scala. Using presentation compiler with project's scala-library version: 3.3.7
2026.06.16 11:01:40 INFO  no build target found for /Users/pamelavillar/Downloads/ludo-gui 2/prueba.scala. Using presentation compiler with project's scala-library version: 3.3.7
2026.06.16 11:01:40 INFO  no build target found for /Users/pamelavillar/Downloads/ludo-gui 2/prueba.scala. Using presentation compiler with project's scala-library version: 3.3.7
2026.06.16 11:01:52 INFO  no build target found for /Users/pamelavillar/Downloads/ludo-gui 2/prueba.scala. Using presentation compiler with project's scala-library version: 3.3.7
2026.06.16 11:01:54 INFO  no build target found for /Users/pamelavillar/Downloads/ludo-gui 2/prueba.scala. Using presentation compiler with project's scala-library version: 3.3.7
2026.06.16 11:01:57 INFO  no build target found for /Users/pamelavillar/Downloads/ludo-gui 2/prueba.scala. Using presentation compiler with project's scala-library version: 3.3.7
2026.06.16 11:02:05 INFO  no build target found for /Users/pamelavillar/Downloads/ludo-gui 2/prueba.scala. Using presentation compiler with project's scala-library version: 3.3.7
2026.06.16 11:02:07 INFO  no build target found for /Users/pamelavillar/Downloads/ludo-gui 2/prueba.scala. Using presentation compiler with project's scala-library version: 3.3.7
2026.06.16 11:02:11 INFO  no build target found for /Users/pamelavillar/Downloads/ludo-gui 2/prueba.scala. Using presentation compiler with project's scala-library version: 3.3.7
2026.06.16 11:02:14 INFO  no build target found for /Users/pamelavillar/Downloads/ludo-gui 2/prueba.scala. Using presentation compiler with project's scala-library version: 3.3.7
2026.06.16 11:02:19 INFO  no build target found for /Users/pamelavillar/Downloads/ludo-gui 2/prueba.scala. Using presentation compiler with project's scala-library version: 3.3.7
2026.06.16 11:02:21 INFO  no build target found for /Users/pamelavillar/Downloads/ludo-gui 2/prueba.scala. Using presentation compiler with project's scala-library version: 3.3.7
2026.06.16 11:02:24 INFO  no build target found for /Users/pamelavillar/Downloads/ludo-gui 2/prueba.scala. Using presentation compiler with project's scala-library version: 3.3.7
2026.06.16 11:02:26 INFO  no build target found for /Users/pamelavillar/Downloads/ludo-gui 2/prueba.scala. Using presentation compiler with project's scala-library version: 3.3.7
2026.06.16 11:02:32 INFO  no build target found for /Users/pamelavillar/Downloads/ludo-gui 2/prueba.scala. Using presentation compiler with project's scala-library version: 3.3.7
2026.06.16 11:02:32 INFO  no build target found for /Users/pamelavillar/Downloads/ludo-gui 2/prueba.scala. Using presentation compiler with project's scala-library version: 3.3.7
2026.06.16 11:02:32 INFO  empty definition using pc, found symbol in pc:  (full report at: "/Users/pamelavillar/Downloads/ludo-gui 2/.metals/.reports/metals-full/2026-06-16/r_empty-definition_07-15-11-515.md")
2026.06.16 11:02:34 INFO  no build target found for /Users/pamelavillar/Downloads/ludo-gui 2/prueba.scala. Using presentation compiler with project's scala-library version: 3.3.7
2026.06.16 11:02:34 INFO  no build target found for /Users/pamelavillar/Downloads/ludo-gui 2/prueba.scala. Using presentation compiler with project's scala-library version: 3.3.7
2026.06.16 11:02:35 INFO  no build target found for /Users/pamelavillar/Downloads/ludo-gui 2/prueba.scala. Using presentation compiler with project's scala-library version: 3.3.7
2026.06.16 11:02:35 INFO  empty definition using pc, found symbol in pc:  (full report at: "/Users/pamelavillar/Downloads/ludo-gui 2/.metals/.reports/metals-full/2026-06-16/r_empty-definition_07-15-11-515.md")
2026.06.16 11:02:35 INFO  no build target found for /Users/pamelavillar/Downloads/ludo-gui 2/prueba.scala. Using presentation compiler with project's scala-library version: 3.3.7
2026.06.16 11:02:35 INFO  no build target found for /Users/pamelavillar/Downloads/ludo-gui 2/prueba.scala. Using presentation compiler with project's scala-library version: 3.3.7
2026.06.16 11:02:36 INFO  no build target found for /Users/pamelavillar/Downloads/ludo-gui 2/prueba.scala. Using presentation compiler with project's scala-library version: 3.3.7
2026.06.16 11:02:35 INFO  no build target found for /Users/pamelavillar/Downloads/ludo-gui 2/prueba.scala. Using presentation compiler with project's scala-library version: 3.3.7
2026.06.16 11:02:36 INFO  empty definition using pc, found symbol in pc:  (full report at: "/Users/pamelavillar/Downloads/ludo-gui 2/.metals/.reports/metals-full/2026-06-16/r_empty-definition_07-15-11-515.md")
2026.06.16 11:02:38 INFO  no build target found for /Users/pamelavillar/Downloads/ludo-gui 2/prueba.scala. Using presentation compiler with project's scala-library version: 3.3.7
2026.06.16 11:02:38 INFO  no build target found for /Users/pamelavillar/Downloads/ludo-gui 2/prueba.scala. Using presentation compiler with project's scala-library version: 3.3.7
2026.06.16 11:02:39 INFO  no build target found for /Users/pamelavillar/Downloads/ludo-gui 2/prueba.scala. Using presentation compiler with project's scala-library version: 3.3.7
2026.06.16 11:02:39 INFO  empty definition using pc, found symbol in pc:  (full report at: "/Users/pamelavillar/Downloads/ludo-gui 2/.metals/.reports/metals-full/2026-06-16/r_empty-definition_07-15-11-515.md")
2026.06.16 11:02:42 INFO  no build target found for /Users/pamelavillar/Downloads/ludo-gui 2/prueba.scala. Using presentation compiler with project's scala-library version: 3.3.7
2026.06.16 11:02:42 INFO  no build target found for /Users/pamelavillar/Downloads/ludo-gui 2/prueba.scala. Using presentation compiler with project's scala-library version: 3.3.7
2026.06.16 11:02:53 INFO  empty definition using pc, found symbol in pc:  (full report at: "/Users/pamelavillar/Downloads/ludo-gui 2/.metals/.reports/metals-full/2026-06-16/r_empty-definition_(ludo-gui-2)_10-54-04-659.md")
2026.06.16 11:02:53 INFO  compiling ludo-gui-2 (1 scala source)
2026.06.16 11:02:53 INFO  time: compiled ludo-gui-2 in 0.4s
2026.06.16 11:03:12 INFO  no build target found for /Users/pamelavillar/Downloads/ludo-gui 2/prueba.scala. Using presentation compiler with project's scala-library version: 3.3.7
2026.06.16 11:03:12 WARN  no build target for: /Users/pamelavillar/Downloads/ludo-gui 2/prueba.scala
2026.06.16 11:03:12 INFO  no build target found for /Users/pamelavillar/Downloads/ludo-gui 2/prueba.scala. Using presentation compiler with project's scala-library version: 3.3.7
2026.06.16 11:03:12 INFO  no build target found for /Users/pamelavillar/Downloads/ludo-gui 2/prueba.scala. Using presentation compiler with project's scala-library version: 3.3.7
2026.06.16 11:03:12 INFO  no build target found for /Users/pamelavillar/Downloads/ludo-gui 2/prueba.scala. Using presentation compiler with project's scala-library version: 3.3.7
Jun 16, 2026 11:03:13 AM org.eclipse.lsp4j.jsonrpc.RemoteEndpoint handleCancellation
WARNING: Unmatched cancel notification for request id 8897
2026.06.16 11:03:14 INFO  no build target found for /Users/pamelavillar/Downloads/ludo-gui 2/prueba.scala. Using presentation compiler with project's scala-library version: 3.3.7
2026.06.16 11:03:14 INFO  no build target found for /Users/pamelavillar/Downloads/ludo-gui 2/prueba.scala. Using presentation compiler with project's scala-library version: 3.3.7
2026.06.16 11:03:21 INFO  no build target found for /Users/pamelavillar/Downloads/ludo-gui 2/prueba.scala. Using presentation compiler with project's scala-library version: 3.3.7
2026.06.16 11:03:21 WARN  no build target for: /Users/pamelavillar/Downloads/ludo-gui 2/prueba.scala
2026.06.16 11:03:21 INFO  no build target found for /Users/pamelavillar/Downloads/ludo-gui 2/prueba.scala. Using presentation compiler with project's scala-library version: 3.3.7
2026.06.16 11:03:21 INFO  no build target found for /Users/pamelavillar/Downloads/ludo-gui 2/prueba.scala. Using presentation compiler with project's scala-library version: 3.3.7
2026.06.16 11:03:27 INFO  no build target found for /Users/pamelavillar/Downloads/ludo-gui 2/prueba.scala. Using presentation compiler with project's scala-library version: 3.3.7
2026.06.16 11:03:27 WARN  no build target for: /Users/pamelavillar/Downloads/ludo-gui 2/prueba.scala
2026.06.16 11:03:27 INFO  no build target found for /Users/pamelavillar/Downloads/ludo-gui 2/prueba.scala. Using presentation compiler with project's scala-library version: 3.3.7
2026.06.16 11:03:27 INFO  no build target found for /Users/pamelavillar/Downloads/ludo-gui 2/prueba.scala. Using presentation compiler with project's scala-library version: 3.3.7
2026.06.16 11:03:50 INFO  no build target found for /Users/pamelavillar/Downloads/ludo-gui 2/prueba.scala. Using presentation compiler with project's scala-library version: 3.3.7
2026.06.16 11:03:50 WARN  no build target for: /Users/pamelavillar/Downloads/ludo-gui 2/prueba.scala
2026.06.16 11:03:50 INFO  no build target found for /Users/pamelavillar/Downloads/ludo-gui 2/prueba.scala. Using presentation compiler with project's scala-library version: 3.3.7
2026.06.16 11:03:50 INFO  no build target found for /Users/pamelavillar/Downloads/ludo-gui 2/prueba.scala. Using presentation compiler with project's scala-library version: 3.3.7
2026.06.16 11:03:56 INFO  no build target found for /Users/pamelavillar/Downloads/ludo-gui 2/prueba.scala. Using presentation compiler with project's scala-library version: 3.3.7
2026.06.16 11:03:56 WARN  no build target for: /Users/pamelavillar/Downloads/ludo-gui 2/prueba.scala
2026.06.16 11:03:56 INFO  no build target found for /Users/pamelavillar/Downloads/ludo-gui 2/prueba.scala. Using presentation compiler with project's scala-library version: 3.3.7
2026.06.16 11:03:56 INFO  no build target found for /Users/pamelavillar/Downloads/ludo-gui 2/prueba.scala. Using presentation compiler with project's scala-library version: 3.3.7
2026.06.16 11:03:56 INFO  no build target found for /Users/pamelavillar/Downloads/ludo-gui 2/prueba.scala. Using presentation compiler with project's scala-library version: 3.3.7
2026.06.16 11:03:58 INFO  no build target found for /Users/pamelavillar/Downloads/ludo-gui 2/prueba.scala. Using presentation compiler with project's scala-library version: 3.3.7
2026.06.16 11:04:07 INFO  no build target found for /Users/pamelavillar/Downloads/ludo-gui 2/prueba.scala. Using presentation compiler with project's scala-library version: 3.3.7
2026.06.16 11:04:07 WARN  no build target for: /Users/pamelavillar/Downloads/ludo-gui 2/prueba.scala
2026.06.16 11:04:07 INFO  no build target found for /Users/pamelavillar/Downloads/ludo-gui 2/prueba.scala. Using presentation compiler with project's scala-library version: 3.3.7
2026.06.16 11:04:29 INFO  no build target found for /Users/pamelavillar/Downloads/ludo-gui 2/prueba.scala. Using presentation compiler with project's scala-library version: 3.3.7
2026.06.16 11:04:29 WARN  no build target for: /Users/pamelavillar/Downloads/ludo-gui 2/prueba.scala
2026.06.16 11:04:29 INFO  no build target found for /Users/pamelavillar/Downloads/ludo-gui 2/prueba.scala. Using presentation compiler with project's scala-library version: 3.3.7
2026.06.16 11:04:29 INFO  no build target found for /Users/pamelavillar/Downloads/ludo-gui 2/prueba.scala. Using presentation compiler with project's scala-library version: 3.3.7
2026.06.16 11:05:17 INFO  empty definition using pc, found symbol in pc:  (full report at: "/Users/pamelavillar/Downloads/ludo-gui 2/.metals/.reports/metals-full/2026-06-16/r_empty-definition_(ludo-gui-2)_10-54-04-659.md")
2026.06.16 11:05:17 INFO  compiling ludo-gui-2 (1 scala source)
2026.06.16 11:05:17 INFO  empty definition using pc, found symbol in pc:  (full report at: "/Users/pamelavillar/Downloads/ludo-gui 2/.metals/.reports/metals-full/2026-06-16/r_empty-definition_(ludo-gui-2)_10-54-04-659.md")
2026.06.16 11:05:17 INFO  empty definition using pc, found symbol in pc:  (full report at: "/Users/pamelavillar/Downloads/ludo-gui 2/.metals/.reports/metals-full/2026-06-16/r_empty-definition_(ludo-gui-2)_10-54-04-659.md")
2026.06.16 11:05:17 INFO  empty definition using pc, found symbol in pc:  (full report at: "/Users/pamelavillar/Downloads/ludo-gui 2/.metals/.reports/metals-full/2026-06-16/r_empty-definition_(ludo-gui-2)_10-54-04-659.md")
2026.06.16 11:05:17 INFO  empty definition using pc, found symbol in pc:  (full report at: "/Users/pamelavillar/Downloads/ludo-gui 2/.metals/.reports/metals-full/2026-06-16/r_empty-definition_(ludo-gui-2)_10-54-04-659.md")
2026.06.16 11:05:17 INFO  time: compiled ludo-gui-2 in 0.44s
2026.06.16 11:10:55 INFO  compiling ludo-gui-2 (1 scala source)
2026.06.16 11:10:55 INFO  time: compiled ludo-gui-2 in 0.38s
2026.06.16 11:10:55 INFO  compiling ludo-gui-2 (1 scala source)
2026.06.16 11:10:55 INFO  time: compiled ludo-gui-2 in 0.2s
2026.06.16 11:11:44 INFO  compiling ludo-gui-2 (2 scala sources)
2026.06.16 11:11:44 INFO  time: compiled ludo-gui-2 in 0.23s
2026.06.16 11:12:15 INFO  compiling ludo-gui-2 (2 scala sources)
2026.06.16 11:12:15 INFO  time: compiled ludo-gui-2 in 0.28s
2026.06.16 11:13:15 INFO  compiling ludo-gui-2 (2 scala sources)
2026.06.16 11:13:15 INFO  time: compiled ludo-gui-2 in 0.24s
2026.06.16 11:13:19 INFO  compiling ludo-gui-2 (2 scala sources)
2026.06.16 11:13:19 INFO  time: compiled ludo-gui-2 in 0.33s
2026.06.16 11:13:19 INFO  compiling ludo-gui-2 (1 scala source)
2026.06.16 11:13:19 INFO  time: compiled ludo-gui-2 in 0.14s
2026.06.16 11:13:40 INFO  compiling ludo-gui-2 (1 scala source)
2026.06.16 11:13:40 INFO  time: compiled ludo-gui-2 in 0.31s
2026.06.16 11:14:36 INFO  compiling ludo-gui-2 (1 scala source)
2026.06.16 11:14:36 INFO  time: compiled ludo-gui-2 in 0.31s
2026.06.16 11:15:17 INFO  no build target found for /Users/pamelavillar/Downloads/ludo-gui 2/prueba.scala. Using presentation compiler with project's scala-library version: 3.3.7
2026.06.16 11:15:17 WARN  no build target for: /Users/pamelavillar/Downloads/ludo-gui 2/prueba.scala
2026.06.16 11:15:17 INFO  no build target found for /Users/pamelavillar/Downloads/ludo-gui 2/prueba.scala. Using presentation compiler with project's scala-library version: 3.3.7
2026.06.16 11:15:49 INFO  compiling ludo-gui-2 (1 scala source)
2026.06.16 11:15:49 INFO  time: compiled ludo-gui-2 in 36ms
2026.06.16 11:15:51 INFO  compiling ludo-gui-2 (1 scala source)
2026.06.16 11:15:51 INFO  time: compiled ludo-gui-2 in 35ms
2026.06.16 11:16:51 INFO  compiling ludo-gui-2 (1 scala source)
2026.06.16 11:16:51 INFO  time: compiled ludo-gui-2 in 33ms
2026.06.16 11:17:14 INFO  compiling ludo-gui-2 (1 scala source)
2026.06.16 11:17:14 INFO  time: compiled ludo-gui-2 in 37ms
2026.06.16 11:17:26 INFO  compiling ludo-gui-2 (1 scala source)
2026.06.16 11:17:26 INFO  time: compiled ludo-gui-2 in 0.3s
2026.06.16 11:18:07 INFO  compiling ludo-gui-2 (1 scala source)
2026.06.16 11:18:07 INFO  time: compiled ludo-gui-2 in 0.21s
2026.06.16 11:18:13 INFO  compiling ludo-gui-2 (1 scala source)
2026.06.16 11:18:13 INFO  time: compiled ludo-gui-2 in 0.25s
2026.06.16 11:18:32 INFO  compiling ludo-gui-2 (1 scala source)
2026.06.16 11:18:32 INFO  time: compiled ludo-gui-2 in 0.18s
2026.06.16 11:19:00 INFO  compiling ludo-gui-2 (1 scala source)
2026.06.16 11:19:00 INFO  time: compiled ludo-gui-2 in 0.39s
2026.06.16 11:29:03 INFO  no build target found for /Users/pamelavillar/Downloads/ludo-gui 2/prueba.scala. Using presentation compiler with project's scala-library version: 3.3.7
2026.06.16 11:29:03 WARN  no build target for: /Users/pamelavillar/Downloads/ludo-gui 2/prueba.scala
2026.06.16 11:29:03 INFO  no build target found for /Users/pamelavillar/Downloads/ludo-gui 2/prueba.scala. Using presentation compiler with project's scala-library version: 3.3.7
2026.06.16 11:31:20 INFO  compiling ludo-gui-2 (1 scala source)
2026.06.16 11:31:20 INFO  time: compiled ludo-gui-2 in 0.27s
2026.06.16 11:31:20 INFO  compiling ludo-gui-2 (1 scala source)
2026.06.16 11:31:20 INFO  time: compiled ludo-gui-2 in 69ms
2026.06.16 11:32:33 INFO  compiling ludo-gui-2 (2 scala sources)
2026.06.16 11:32:33 INFO  time: compiled ludo-gui-2 in 0.42s
2026.06.16 11:32:33 INFO  compiling ludo-gui-2 (1 scala source)
2026.06.16 11:32:33 INFO  time: compiled ludo-gui-2 in 67ms
2026.06.16 11:33:32 INFO  compiling ludo-gui-2 (2 scala sources)
2026.06.16 11:33:32 INFO  time: compiled ludo-gui-2 in 0.33s
2026.06.16 11:33:32 INFO  compiling ludo-gui-2 (2 scala sources)
2026.06.16 11:33:32 INFO  time: compiled ludo-gui-2 in 0.21s
2026.06.16 11:34:44 INFO  compiling ludo-gui-2 (2 scala sources)
2026.06.16 11:34:44 INFO  time: compiled ludo-gui-2 in 0.25s
2026.06.16 11:34:49 INFO  empty definition using pc, found symbol in pc:  (full report at: "/Users/pamelavillar/Downloads/ludo-gui 2/.metals/.reports/metals-full/2026-06-16/r_empty-definition_(ludo-gui-2)_10-07-51-219.md")
2026.06.16 11:35:12 INFO  compiling ludo-gui-2 (2 scala sources)
2026.06.16 11:35:12 INFO  time: compiled ludo-gui-2 in 0.23s
2026.06.16 11:35:15 INFO  compiling ludo-gui-2 (2 scala sources)
2026.06.16 11:35:15 INFO  time: compiled ludo-gui-2 in 0.28s
2026.06.16 11:35:52 INFO  Created report: Optional[file:///Users/pamelavillar/Downloads/ludo-gui%202/src/main/scala/ludo/gui/components/BoardView.scala]
2026.06.16 11:35:52 INFO  empty definition using pc, found symbol in pc:  (full report at: "/Users/pamelavillar/Downloads/ludo-gui 2/.metals/.reports/metals-full/2026-06-16/r_empty-definition_(ludo-gui-2)_11-35-52-578.md")
2026.06.16 11:35:52 INFO  compiling ludo-gui-2 (2 scala sources)
2026.06.16 11:35:52 INFO  empty definition using pc, found symbol in pc:  (full report at: "/Users/pamelavillar/Downloads/ludo-gui 2/.metals/.reports/metals-full/2026-06-16/r_empty-definition_(ludo-gui-2)_11-35-52-578.md")
2026.06.16 11:35:52 INFO  time: compiled ludo-gui-2 in 0.31s
2026.06.16 11:36:05 INFO  compiling ludo-gui-2 (2 scala sources)
2026.06.16 11:36:05 INFO  time: compiled ludo-gui-2 in 0.41s
2026.06.16 11:36:05 INFO  compiling ludo-gui-2 (1 scala source)
2026.06.16 11:36:05 INFO  time: compiled ludo-gui-2 in 66ms
2026.06.16 11:36:11 INFO  compiling ludo-gui-2 (2 scala sources)
2026.06.16 11:36:11 INFO  time: compiled ludo-gui-2 in 0.32s
2026.06.16 11:36:11 INFO  compiling ludo-gui-2 (1 scala source)
2026.06.16 11:36:11 INFO  time: compiled ludo-gui-2 in 53ms
2026.06.16 11:37:50 INFO  compiling ludo-gui-2 (2 scala sources)
2026.06.16 11:37:50 INFO  time: compiled ludo-gui-2 in 0.37s
2026.06.16 11:37:50 INFO  compiling ludo-gui-2 (1 scala source)
2026.06.16 11:37:50 INFO  time: compiled ludo-gui-2 in 58ms
2026.06.16 11:39:28 INFO  compiling ludo-gui-2 (3 scala sources)
2026.06.16 11:39:28 INFO  time: compiled ludo-gui-2 in 0.25s
2026.06.16 12:05:34 INFO  compiling ludo-gui-2 (3 scala sources)
2026.06.16 12:05:34 INFO  time: compiled ludo-gui-2 in 0.3s
2026.06.16 12:05:49 INFO  compiling ludo-gui-2 (3 scala sources)
2026.06.16 12:05:49 INFO  time: compiled ludo-gui-2 in 0.37s
2026.06.16 12:05:53 INFO  compiling ludo-gui-2 (3 scala sources)
2026.06.16 12:05:53 INFO  time: compiled ludo-gui-2 in 0.21s
2026.06.16 12:05:59 INFO  compiling ludo-gui-2 (3 scala sources)
2026.06.16 12:05:59 INFO  time: compiled ludo-gui-2 in 0.29s
2026.06.16 12:06:26 INFO  compiling ludo-gui-2 (3 scala sources)
2026.06.16 12:06:26 INFO  time: compiled ludo-gui-2 in 0.46s
2026.06.16 12:07:18 WARN  Could not load snapshot text for /Users/pamelavillar/Downloads/ludo-gui 2/src/main/scala/ludo/gui/components/BoardView.scala
2026.06.16 12:07:18 INFO  compiling ludo-gui-2 (1 scala source)
2026.06.16 12:07:18 INFO  time: compiled ludo-gui-2 in 0.26s
2026.06.16 12:07:19 WARN  Could not load snapshot text for /Users/pamelavillar/Downloads/ludo-gui 2/src/main/scala/ludo/gui/components/BoardView.scala
2026.06.16 12:07:30 WARN  Could not load snapshot text for /Users/pamelavillar/Downloads/ludo-gui 2/src/main/scala/ludo/gui/components/BoardView.scala
2026.06.16 12:07:37 WARN  Could not load snapshot text for /Users/pamelavillar/Downloads/ludo-gui 2/src/main/scala/ludo/gui/components/BoardView.scala
2026.06.16 12:07:38 WARN  Could not load snapshot text for /Users/pamelavillar/Downloads/ludo-gui 2/src/main/scala/ludo/gui/components/BoardView.scala
2026.06.16 12:07:41 WARN  Could not load snapshot text for /Users/pamelavillar/Downloads/ludo-gui 2/src/main/scala/ludo/gui/components/BoardView.scala
2026.06.16 12:07:41 WARN  Could not load snapshot text for /Users/pamelavillar/Downloads/ludo-gui 2/src/main/scala/ludo/gui/components/BoardView.scala
2026.06.16 12:07:49 WARN  Could not load snapshot text for /Users/pamelavillar/Downloads/ludo-gui 2/src/main/scala/ludo/gui/components/BoardView.scala
2026.06.16 12:07:50 WARN  Could not load snapshot text for /Users/pamelavillar/Downloads/ludo-gui 2/src/main/scala/ludo/gui/components/BoardView.scala
2026.06.16 12:07:52 WARN  Could not load snapshot text for /Users/pamelavillar/Downloads/ludo-gui 2/src/main/scala/ludo/gui/components/BoardView.scala
2026.06.16 12:07:57 WARN  Could not load snapshot text for /Users/pamelavillar/Downloads/ludo-gui 2/src/main/scala/ludo/gui/components/BoardView.scala
2026.06.16 12:07:58 WARN  Could not load snapshot text for /Users/pamelavillar/Downloads/ludo-gui 2/src/main/scala/ludo/gui/components/BoardView.scala
2026.06.16 12:07:59 WARN  Could not load snapshot text for /Users/pamelavillar/Downloads/ludo-gui 2/src/main/scala/ludo/gui/components/BoardView.scala
2026.06.16 12:08:00 WARN  Could not load snapshot text for /Users/pamelavillar/Downloads/ludo-gui 2/src/main/scala/ludo/gui/components/BoardView.scala
2026.06.16 12:08:01 WARN  Could not load snapshot text for /Users/pamelavillar/Downloads/ludo-gui 2/src/main/scala/ludo/gui/components/BoardView.scala
2026.06.16 12:08:02 WARN  Could not load snapshot text for /Users/pamelavillar/Downloads/ludo-gui 2/src/main/scala/ludo/gui/components/BoardView.scala
2026.06.16 12:08:02 WARN  Could not load snapshot text for /Users/pamelavillar/Downloads/ludo-gui 2/src/main/scala/ludo/gui/components/BoardView.scala
2026.06.16 12:08:03 WARN  Could not load snapshot text for /Users/pamelavillar/Downloads/ludo-gui 2/src/main/scala/ludo/gui/components/BoardView.scala
2026.06.16 12:08:03 WARN  Could not load snapshot text for /Users/pamelavillar/Downloads/ludo-gui 2/src/main/scala/ludo/gui/components/BoardView.scala
2026.06.16 12:08:04 WARN  Could not load snapshot text for /Users/pamelavillar/Downloads/ludo-gui 2/src/main/scala/ludo/gui/components/BoardView.scala
2026.06.16 12:08:06 WARN  Could not load snapshot text for /Users/pamelavillar/Downloads/ludo-gui 2/src/main/scala/ludo/gui/components/BoardView.scala
2026.06.16 12:08:06 WARN  Could not load snapshot text for /Users/pamelavillar/Downloads/ludo-gui 2/src/main/scala/ludo/gui/components/BoardView.scala
2026.06.16 12:08:07 WARN  Could not load snapshot text for /Users/pamelavillar/Downloads/ludo-gui 2/src/main/scala/ludo/gui/components/BoardView.scala
2026.06.16 12:08:07 WARN  Could not load snapshot text for /Users/pamelavillar/Downloads/ludo-gui 2/src/main/scala/ludo/gui/components/BoardView.scala
2026.06.16 12:08:08 WARN  Could not load snapshot text for /Users/pamelavillar/Downloads/ludo-gui 2/src/main/scala/ludo/gui/components/BoardView.scala
2026.06.16 12:08:09 WARN  Could not load snapshot text for /Users/pamelavillar/Downloads/ludo-gui 2/src/main/scala/ludo/gui/components/BoardView.scala
2026.06.16 12:08:09 WARN  Could not load snapshot text for /Users/pamelavillar/Downloads/ludo-gui 2/src/main/scala/ludo/gui/components/BoardView.scala
2026.06.16 12:08:10 WARN  Could not load snapshot text for /Users/pamelavillar/Downloads/ludo-gui 2/src/main/scala/ludo/gui/components/BoardView.scala
2026.06.16 12:08:11 WARN  Could not load snapshot text for /Users/pamelavillar/Downloads/ludo-gui 2/src/main/scala/ludo/gui/components/BoardView.scala
2026.06.16 12:08:12 WARN  Could not load snapshot text for /Users/pamelavillar/Downloads/ludo-gui 2/src/main/scala/ludo/gui/components/BoardView.scala
2026.06.16 12:08:13 WARN  Could not load snapshot text for /Users/pamelavillar/Downloads/ludo-gui 2/src/main/scala/ludo/gui/components/BoardView.scala
2026.06.16 12:08:13 WARN  Could not load snapshot text for /Users/pamelavillar/Downloads/ludo-gui 2/src/main/scala/ludo/gui/components/BoardView.scala
2026.06.16 12:08:14 WARN  Could not load snapshot text for /Users/pamelavillar/Downloads/ludo-gui 2/src/main/scala/ludo/gui/components/BoardView.scala
2026.06.16 12:08:15 WARN  Could not load snapshot text for /Users/pamelavillar/Downloads/ludo-gui 2/src/main/scala/ludo/gui/components/BoardView.scala
2026.06.16 12:08:19 WARN  Could not load snapshot text for /Users/pamelavillar/Downloads/ludo-gui 2/src/main/scala/ludo/gui/components/BoardView.scala
2026.06.16 12:08:25 WARN  Could not load snapshot text for /Users/pamelavillar/Downloads/ludo-gui 2/src/main/scala/ludo/gui/components/BoardView.scala
2026.06.16 12:08:25 WARN  Could not load snapshot text for /Users/pamelavillar/Downloads/ludo-gui 2/src/main/scala/ludo/gui/components/BoardView.scala
2026.06.16 12:08:25 WARN  Could not load snapshot text for /Users/pamelavillar/Downloads/ludo-gui 2/src/main/scala/ludo/gui/components/BoardView.scala
2026.06.16 12:08:25 WARN  Could not load snapshot text for /Users/pamelavillar/Downloads/ludo-gui 2/src/main/scala/ludo/gui/components/BoardView.scala
2026.06.16 12:08:25 WARN  Could not load snapshot text for /Users/pamelavillar/Downloads/ludo-gui 2/src/main/scala/ludo/gui/components/BoardView.scala
2026.06.16 12:08:25 WARN  Could not load snapshot text for /Users/pamelavillar/Downloads/ludo-gui 2/src/main/scala/ludo/gui/components/BoardView.scala
2026.06.16 12:08:25 WARN  Could not load snapshot text for /Users/pamelavillar/Downloads/ludo-gui 2/src/main/scala/ludo/gui/components/BoardView.scala
2026.06.16 12:08:25 WARN  Could not load snapshot text for /Users/pamelavillar/Downloads/ludo-gui 2/src/main/scala/ludo/gui/components/BoardView.scala
2026.06.16 12:08:26 WARN  Could not load snapshot text for /Users/pamelavillar/Downloads/ludo-gui 2/src/main/scala/ludo/gui/components/BoardView.scala
2026.06.16 12:08:28 WARN  Could not load snapshot text for /Users/pamelavillar/Downloads/ludo-gui 2/src/main/scala/ludo/gui/components/BoardView.scala
2026.06.16 12:08:28 WARN  Could not load snapshot text for /Users/pamelavillar/Downloads/ludo-gui 2/src/main/scala/ludo/gui/components/BoardView.scala
2026.06.16 12:08:28 WARN  Could not load snapshot text for /Users/pamelavillar/Downloads/ludo-gui 2/src/main/scala/ludo/gui/components/BoardView.scala
2026.06.16 12:08:29 WARN  Could not load snapshot text for /Users/pamelavillar/Downloads/ludo-gui 2/src/main/scala/ludo/gui/components/BoardView.scala
2026.06.16 12:08:29 WARN  Could not load snapshot text for /Users/pamelavillar/Downloads/ludo-gui 2/src/main/scala/ludo/gui/components/BoardView.scala
2026.06.16 12:08:30 WARN  Could not load snapshot text for /Users/pamelavillar/Downloads/ludo-gui 2/src/main/scala/ludo/gui/components/BoardView.scala
2026.06.16 12:08:30 WARN  Could not load snapshot text for /Users/pamelavillar/Downloads/ludo-gui 2/src/main/scala/ludo/gui/components/BoardView.scala
2026.06.16 12:08:30 WARN  Could not load snapshot text for /Users/pamelavillar/Downloads/ludo-gui 2/src/main/scala/ludo/gui/components/BoardView.scala
2026.06.16 12:08:31 WARN  Could not load snapshot text for /Users/pamelavillar/Downloads/ludo-gui 2/src/main/scala/ludo/gui/components/BoardView.scala
2026.06.16 12:08:31 WARN  Could not load snapshot text for /Users/pamelavillar/Downloads/ludo-gui 2/src/main/scala/ludo/gui/components/BoardView.scala
2026.06.16 12:08:31 WARN  Could not load snapshot text for /Users/pamelavillar/Downloads/ludo-gui 2/src/main/scala/ludo/gui/components/BoardView.scala
2026.06.16 12:08:32 WARN  Could not load snapshot text for /Users/pamelavillar/Downloads/ludo-gui 2/src/main/scala/ludo/gui/components/BoardView.scala
2026.06.16 12:08:32 WARN  Could not load snapshot text for /Users/pamelavillar/Downloads/ludo-gui 2/src/main/scala/ludo/gui/components/BoardView.scala
2026.06.16 12:08:32 WARN  Could not load snapshot text for /Users/pamelavillar/Downloads/ludo-gui 2/src/main/scala/ludo/gui/components/BoardView.scala
2026.06.16 12:08:33 WARN  Could not load snapshot text for /Users/pamelavillar/Downloads/ludo-gui 2/src/main/scala/ludo/gui/components/BoardView.scala
2026.06.16 12:08:33 WARN  Could not load snapshot text for /Users/pamelavillar/Downloads/ludo-gui 2/src/main/scala/ludo/gui/components/BoardView.scala
2026.06.16 12:08:40 WARN  Could not load snapshot text for /Users/pamelavillar/Downloads/ludo-gui 2/src/main/scala/ludo/gui/components/BoardView.scala
2026.06.16 12:08:43 WARN  Could not load snapshot text for /Users/pamelavillar/Downloads/ludo-gui 2/src/main/scala/ludo/gui/components/BoardView.scala
2026.06.16 12:08:45 WARN  Could not load snapshot text for /Users/pamelavillar/Downloads/ludo-gui 2/src/main/scala/ludo/gui/components/BoardView.scala
2026.06.16 12:08:46 WARN  Could not load snapshot text for /Users/pamelavillar/Downloads/ludo-gui 2/src/main/scala/ludo/gui/components/BoardView.scala
2026.06.16 12:08:47 WARN  Could not load snapshot text for /Users/pamelavillar/Downloads/ludo-gui 2/src/main/scala/ludo/gui/components/BoardView.scala
2026.06.16 12:08:48 WARN  Could not load snapshot text for /Users/pamelavillar/Downloads/ludo-gui 2/src/main/scala/ludo/gui/components/BoardView.scala
2026.06.16 12:08:50 WARN  Could not load snapshot text for /Users/pamelavillar/Downloads/ludo-gui 2/src/main/scala/ludo/gui/components/BoardView.scala
2026.06.16 12:08:51 INFO  compiling ludo-gui-2 (1 scala source)
2026.06.16 12:08:51 INFO  time: compiled ludo-gui-2 in 0.36s
2026.06.16 12:08:52 WARN  Could not load snapshot text for /Users/pamelavillar/Downloads/ludo-gui 2/src/main/scala/ludo/gui/components/BoardView.scala
2026.06.16 12:09:13 WARN  Could not load snapshot text for /Users/pamelavillar/Downloads/ludo-gui 2/src/main/scala/ludo/gui/components/BoardView.scala
2026.06.16 12:09:15 WARN  Could not load snapshot text for /Users/pamelavillar/Downloads/ludo-gui 2/src/main/scala/ludo/gui/components/BoardView.scala
2026.06.16 12:09:22 INFO  compiling ludo-gui-2 (1 scala source)
2026.06.16 12:09:22 INFO  time: compiled ludo-gui-2 in 0.22s
2026.06.16 12:09:22 WARN  Could not load snapshot text for /Users/pamelavillar/Downloads/ludo-gui 2/src/main/scala/ludo/gui/components/BoardView.scala
2026.06.16 12:09:30 WARN  Could not load snapshot text for /Users/pamelavillar/Downloads/ludo-gui 2/src/main/scala/ludo/gui/components/BoardView.scala
2026.06.16 12:09:42 WARN  Could not load snapshot text for /Users/pamelavillar/Downloads/ludo-gui 2/src/main/scala/ludo/gui/components/BoardView.scala
2026.06.16 12:09:48 WARN  Could not load snapshot text for /Users/pamelavillar/Downloads/ludo-gui 2/src/main/scala/ludo/gui/components/BoardView.scala
2026.06.16 12:10:01 WARN  Could not load snapshot text for /Users/pamelavillar/Downloads/ludo-gui 2/src/main/scala/ludo/gui/components/BoardView.scala
2026.06.16 12:10:05 WARN  Could not load snapshot text for /Users/pamelavillar/Downloads/ludo-gui 2/src/main/scala/ludo/gui/components/BoardView.scala
2026.06.16 12:10:07 INFO  compiling ludo-gui-2 (1 scala source)
2026.06.16 12:10:07 INFO  time: compiled ludo-gui-2 in 0.41s
2026.06.16 12:10:07 WARN  Could not load snapshot text for /Users/pamelavillar/Downloads/ludo-gui 2/src/main/scala/ludo/gui/components/BoardView.scala
Jun 16, 2026 12:10:10 PM org.eclipse.lsp4j.jsonrpc.RemoteEndpoint handleCancellation
WARNING: Unmatched cancel notification for request id 12273
2026.06.16 12:10:12 WARN  Could not load snapshot text for /Users/pamelavillar/Downloads/ludo-gui 2/src/main/scala/ludo/gui/components/BoardView.scala
2026.06.16 12:10:12 WARN  Could not load snapshot text for /Users/pamelavillar/Downloads/ludo-gui 2/src/main/scala/ludo/gui/components/BoardView.scala
2026.06.16 12:10:12 WARN  Could not load snapshot text for /Users/pamelavillar/Downloads/ludo-gui 2/src/main/scala/ludo/gui/components/BoardView.scala
2026.06.16 12:10:13 WARN  Could not load snapshot text for /Users/pamelavillar/Downloads/ludo-gui 2/src/main/scala/ludo/gui/components/BoardView.scala
2026.06.16 12:10:14 WARN  Could not load snapshot text for /Users/pamelavillar/Downloads/ludo-gui 2/src/main/scala/ludo/gui/components/BoardView.scala
2026.06.16 12:10:14 WARN  Could not load snapshot text for /Users/pamelavillar/Downloads/ludo-gui 2/src/main/scala/ludo/gui/components/BoardView.scala
2026.06.16 12:10:15 WARN  Could not load snapshot text for /Users/pamelavillar/Downloads/ludo-gui 2/src/main/scala/ludo/gui/components/BoardView.scala
2026.06.16 12:10:16 WARN  Could not load snapshot text for /Users/pamelavillar/Downloads/ludo-gui 2/src/main/scala/ludo/gui/components/BoardView.scala
2026.06.16 12:10:16 INFO  compiling ludo-gui-2 (1 scala source)
2026.06.16 12:10:16 INFO  time: compiled ludo-gui-2 in 0.27s
2026.06.16 12:10:58 INFO  compiling ludo-gui-2 (1 scala source)
2026.06.16 12:10:58 INFO  time: compiled ludo-gui-2 in 0.27s
2026.06.16 12:11:24 INFO  compiling ludo-gui-2 (1 scala source)
2026.06.16 12:11:24 INFO  time: compiled ludo-gui-2 in 52ms
2026.06.16 12:13:15 INFO  compiling ludo-gui-2 (1 scala source)
2026.06.16 12:13:15 INFO  time: compiled ludo-gui-2 in 0.23s
2026.06.16 12:13:16 INFO  empty definition using pc, found symbol in pc:  (full report at: "/Users/pamelavillar/Downloads/ludo-gui 2/.metals/.reports/metals-full/2026-06-16/r_empty-definition_(ludo-gui-2)_10-07-51-219.md")
2026.06.16 12:13:28 INFO  compiling ludo-gui-2 (1 scala source)
2026.06.16 12:13:28 INFO  time: compiled ludo-gui-2 in 0.21s
2026.06.16 12:13:31 INFO  compiling ludo-gui-2 (1 scala source)
2026.06.16 12:13:31 INFO  time: compiled ludo-gui-2 in 0.28s
2026.06.16 12:15:28 INFO  compiling ludo-gui-2 (1 scala source)
2026.06.16 12:15:28 INFO  time: compiled ludo-gui-2 in 0.43s
2026.06.16 12:16:16 INFO  compiling ludo-gui-2 (1 scala source)
2026.06.16 12:16:16 INFO  time: compiled ludo-gui-2 in 0.32s
2026.06.16 12:16:48 INFO  compiling ludo-gui-2 (1 scala source)
2026.06.16 12:16:48 INFO  time: compiled ludo-gui-2 in 0.49s
2026.06.16 12:17:10 INFO  compiling ludo-gui-2 (1 scala source)
2026.06.16 12:17:10 INFO  time: compiled ludo-gui-2 in 0.33s
2026.06.16 12:17:25 INFO  compiling ludo-gui-2 (1 scala source)
2026.06.16 12:17:25 INFO  time: compiled ludo-gui-2 in 0.31s
2026.06.16 12:17:36 INFO  compiling ludo-gui-2 (1 scala source)
2026.06.16 12:17:36 INFO  time: compiled ludo-gui-2 in 0.3s
2026.06.16 12:17:52 INFO  compiling ludo-gui-2 (1 scala source)
2026.06.16 12:17:52 INFO  time: compiled ludo-gui-2 in 0.33s
2026.06.16 12:22:11 INFO  compiling ludo-gui-2 (1 scala source)
2026.06.16 12:22:11 INFO  time: compiled ludo-gui-2 in 0.34s
Exception in thread "pool-5-thread-7" java.lang.InterruptedException
	at scala.meta.internal.metals.FutureCancelToken.checkCanceled(FutureCancelToken.scala:29)
	at scala.meta.internal.pc.CompilerAccess.onCompilerJobQueue$$anonfun$1(CompilerAccess.scala:208)
	at scala.meta.internal.pc.CompilerJobQueue$Job.run(CompilerJobQueue.scala:153)
	at java.base/java.util.concurrent.ThreadPoolExecutor.runWorker(ThreadPoolExecutor.java:1136)
	at java.base/java.util.concurrent.ThreadPoolExecutor$Worker.run(ThreadPoolExecutor.java:635)
	at java.base/java.lang.Thread.run(Thread.java:840)
2026.06.16 12:23:32 INFO  compiling ludo-gui-2 (1 scala source)
2026.06.16 12:23:32 INFO  time: compiled ludo-gui-2 in 0.28s
2026.06.16 12:23:42 INFO  compiling ludo-gui-2 (1 scala source)
2026.06.16 12:23:42 WARN  Could not load snapshot text for /Users/pamelavillar/Downloads/ludo-gui 2/src/main/scala/ludo/gui/components/CellView.scala
2026.06.16 12:23:42 WARN  Could not load snapshot text for /Users/pamelavillar/Downloads/ludo-gui 2/src/main/scala/ludo/gui/components/CellView.scala
2026.06.16 12:23:42 WARN  Could not load snapshot text for /Users/pamelavillar/Downloads/ludo-gui 2/src/main/scala/ludo/gui/components/CellView.scala
2026.06.16 12:23:42 WARN  Could not load snapshot text for /Users/pamelavillar/Downloads/ludo-gui 2/src/main/scala/ludo/gui/components/CellView.scala
2026.06.16 12:23:42 INFO  time: compiled ludo-gui-2 in 0.31s
2026.06.16 12:28:03 INFO  compiling ludo-gui-2 (1 scala source)
2026.06.16 12:28:03 INFO  time: compiled ludo-gui-2 in 0.4s
2026.06.16 12:28:18 INFO  compiling ludo-gui-2 (1 scala source)
2026.06.16 12:28:18 INFO  time: compiled ludo-gui-2 in 0.29s
2026.06.16 12:28:19 WARN  Could not load snapshot text for /Users/pamelavillar/Downloads/ludo-gui 2/src/main/scala/ludo/gui/components/BoardView.scala
2026.06.16 12:28:19 WARN  Could not load snapshot text for /Users/pamelavillar/Downloads/ludo-gui 2/src/main/scala/ludo/gui/components/BoardView.scala
2026.06.16 12:28:23 WARN  Could not load snapshot text for /Users/pamelavillar/Downloads/ludo-gui 2/src/main/scala/ludo/gui/components/BoardView.scala
2026.06.16 12:28:33 WARN  Could not load snapshot text for /Users/pamelavillar/Downloads/ludo-gui 2/src/main/scala/ludo/gui/components/BoardView.scala
2026.06.16 12:28:34 INFO  compiling ludo-gui-2 (1 scala source)
2026.06.16 12:28:34 INFO  time: compiled ludo-gui-2 in 0.35s
2026.06.16 12:31:14 INFO  compiling ludo-gui-2 (1 scala source)
2026.06.16 12:31:14 INFO  time: compiled ludo-gui-2 in 0.34s
2026.06.16 12:31:54 INFO  compiling ludo-gui-2 (1 scala source)
2026.06.16 12:31:54 INFO  time: compiled ludo-gui-2 in 0.29s
2026.06.16 12:32:22 INFO  compiling ludo-gui-2 (1 scala source)
2026.06.16 12:32:22 INFO  time: compiled ludo-gui-2 in 0.28s
2026.06.16 12:32:58 INFO  compiling ludo-gui-2 (1 scala source)
2026.06.16 12:32:58 INFO  time: compiled ludo-gui-2 in 0.13s
2026.06.16 12:33:20 INFO  compiling ludo-gui-2 (1 scala source)
2026.06.16 12:33:20 INFO  time: compiled ludo-gui-2 in 0.11s
2026.06.16 12:33:29 INFO  compiling ludo-gui-2 (1 scala source)
2026.06.16 12:33:29 INFO  time: compiled ludo-gui-2 in 0.18s
2026.06.16 12:33:40 INFO  compiling ludo-gui-2 (1 scala source)
2026.06.16 12:33:40 INFO  time: compiled ludo-gui-2 in 0.11s
2026.06.16 12:33:51 INFO  compiling ludo-gui-2 (1 scala source)
2026.06.16 12:33:51 INFO  time: compiled ludo-gui-2 in 0.11s
2026.06.16 12:34:36 INFO  compiling ludo-gui-2 (1 scala source)
2026.06.16 12:34:36 INFO  time: compiled ludo-gui-2 in 0.13s
2026.06.16 12:34:51 INFO  compiling ludo-gui-2 (1 scala source)
2026.06.16 12:34:51 INFO  time: compiled ludo-gui-2 in 0.42s
2026.06.16 12:35:00 INFO  compiling ludo-gui-2 (1 scala source)
2026.06.16 12:35:00 INFO  time: compiled ludo-gui-2 in 0.5s
2026.06.16 12:41:28 INFO  no build target found for /Users/pamelavillar/Downloads/ludo-gui 2/prueba.scala. Using presentation compiler with project's scala-library version: 3.3.7
2026.06.16 12:42:05 INFO  compiling ludo-gui-2 (1 scala source)
2026.06.16 12:42:05 INFO  time: compiled ludo-gui-2 in 0.33s
2026.06.16 13:12:07 INFO  no build target found for /Users/pamelavillar/Downloads/ludo-gui 2/prueba.scala. Using presentation compiler with project's scala-library version: 3.3.7
2026.06.16 13:12:07 INFO  no build target found for /Users/pamelavillar/Downloads/ludo-gui 2/prueba.scala. Using presentation compiler with project's scala-library version: 3.3.7
2026.06.16 13:12:07 WARN  no build target for: /Users/pamelavillar/Downloads/ludo-gui 2/prueba.scala
2026.06.16 13:12:07 INFO  no build target found for /Users/pamelavillar/Downloads/ludo-gui 2/prueba.scala. Using presentation compiler with project's scala-library version: 3.3.7
2026.06.16 13:12:12 INFO  no build target found for /Users/pamelavillar/Downloads/ludo-gui 2/prueba.scala. Using presentation compiler with project's scala-library version: 3.3.7
2026.06.16 13:15:40 INFO  compiling ludo-gui-2 (1 scala source)
2026.06.16 13:15:40 INFO  time: compiled ludo-gui-2 in 0.19s
2026.06.16 13:15:54 INFO  compiling ludo-gui-2 (1 scala source)
2026.06.16 13:15:54 INFO  time: compiled ludo-gui-2 in 62ms
2026.06.16 13:16:07 INFO  compiling ludo-gui-2 (1 scala source)
2026.06.16 13:16:07 INFO  time: compiled ludo-gui-2 in 0.13s
2026.06.16 13:19:02 INFO  compiling ludo-gui-2 (1 scala source)
2026.06.16 13:19:02 INFO  time: compiled ludo-gui-2 in 0.12s
2026.06.16 13:19:14 INFO  compiling ludo-gui-2 (1 scala source)
2026.06.16 13:19:14 INFO  time: compiled ludo-gui-2 in 0.18s
2026.06.16 23:34:30 INFO  compiling ludo-gui-2 (1 scala source)
2026.06.16 23:34:30 INFO  time: compiled ludo-gui-2 in 0.36s
2026.06.16 23:34:31 INFO  compiling ludo-gui-2 (1 scala source)
2026.06.16 23:34:31 INFO  time: compiled ludo-gui-2 in 0.27s
2026.06.16 23:34:46 INFO  compiling ludo-gui-2 (1 scala source)
2026.06.16 23:34:46 INFO  time: compiled ludo-gui-2 in 0.12s
2026.06.16 23:39:59 INFO  compiling ludo-gui-2 (1 scala source)
2026.06.16 23:39:59 INFO  time: compiled ludo-gui-2 in 0.31s
2026.06.16 23:40:16 INFO  compiling ludo-gui-2 (1 scala source)
2026.06.16 23:40:16 INFO  time: compiled ludo-gui-2 in 0.29s
2026.06.16 23:40:45 INFO  compiling ludo-gui-2 (1 scala source)
2026.06.16 23:40:45 INFO  time: compiled ludo-gui-2 in 0.2s
2026.06.16 23:40:57 INFO  compiling ludo-gui-2 (1 scala source)
2026.06.16 23:40:57 INFO  time: compiled ludo-gui-2 in 0.31s
2026.06.16 23:41:12 INFO  compiling ludo-gui-2 (1 scala source)
2026.06.16 23:41:12 INFO  time: compiled ludo-gui-2 in 0.38s
2026.06.16 23:41:22 INFO  compiling ludo-gui-2 (1 scala source)
2026.06.16 23:41:22 INFO  time: compiled ludo-gui-2 in 0.29s
2026.06.16 23:45:27 INFO  compiling ludo-gui-2 (1 scala source)
2026.06.16 23:45:27 INFO  time: compiled ludo-gui-2 in 0.32s
2026.06.16 23:45:49 INFO  compiling ludo-gui-2 (1 scala source)
2026.06.16 23:45:49 INFO  time: compiled ludo-gui-2 in 0.29s
2026.06.16 23:55:01 INFO  compiling ludo-gui-2 (1 scala source)
2026.06.16 23:55:01 INFO  time: compiled ludo-gui-2 in 0.28s
2026.06.16 23:55:08 INFO  compiling ludo-gui-2 (1 scala source)
2026.06.16 23:55:08 INFO  time: compiled ludo-gui-2 in 0.13s
2026.06.16 23:55:19 INFO  compiling ludo-gui-2 (1 scala source)
2026.06.16 23:55:19 INFO  time: compiled ludo-gui-2 in 0.16s
2026.06.16 23:55:27 INFO  compiling ludo-gui-2 (1 scala source)
2026.06.16 23:55:27 INFO  time: compiled ludo-gui-2 in 0.14s
2026.06.16 23:58:51 INFO  compiling ludo-gui-2 (1 scala source)
2026.06.16 23:58:51 INFO  time: compiled ludo-gui-2 in 0.25s
2026.06.16 23:58:52 INFO  compiling ludo-gui-2 (1 scala source)
2026.06.16 23:58:52 INFO  time: compiled ludo-gui-2 in 0.34s
2026.06.16 23:58:52 INFO  compiling ludo-gui-2 (1 scala source)
2026.06.16 23:58:52 INFO  time: compiled ludo-gui-2 in 0.25s
2026.06.16 23:59:11 INFO  compiling ludo-gui-2 (2 scala sources)
2026.06.16 23:59:11 INFO  time: compiled ludo-gui-2 in 0.43s
2026.06.16 23:59:44 INFO  compiling ludo-gui-2 (1 scala source)
2026.06.16 23:59:44 INFO  time: compiled ludo-gui-2 in 0.44s
2026.06.16 23:59:44 WARN  Could not load snapshot text for /Users/pamelavillar/Downloads/ludo-gui 2/src/main/scala/ludo/gui/components/BoardView.scala
2026.06.17 00:00:07 WARN  Could not load snapshot text for /Users/pamelavillar/Downloads/ludo-gui 2/src/main/scala/ludo/gui/components/BoardView.scala
2026.06.17 00:00:08 WARN  Could not load snapshot text for /Users/pamelavillar/Downloads/ludo-gui 2/src/main/scala/ludo/gui/components/BoardView.scala
2026.06.17 00:00:07 WARN  Could not load snapshot text for /Users/pamelavillar/Downloads/ludo-gui 2/src/main/scala/ludo/gui/components/BoardView.scala
2026.06.17 00:00:08 WARN  Could not load snapshot text for /Users/pamelavillar/Downloads/ludo-gui 2/src/main/scala/ludo/gui/components/BoardView.scala
2026.06.17 00:00:26 WARN  Could not load snapshot text for /Users/pamelavillar/Downloads/ludo-gui 2/src/main/scala/ludo/gui/components/BoardView.scala
2026.06.17 00:00:26 WARN  Could not load snapshot text for /Users/pamelavillar/Downloads/ludo-gui 2/src/main/scala/ludo/gui/components/BoardView.scala
2026.06.17 00:00:47 WARN  Could not load snapshot text for /Users/pamelavillar/Downloads/ludo-gui 2/src/main/scala/ludo/gui/components/BoardView.scala
2026.06.17 00:00:50 WARN  Could not load snapshot text for /Users/pamelavillar/Downloads/ludo-gui 2/src/main/scala/ludo/gui/components/BoardView.scala
2026.06.17 00:00:57 WARN  Could not load snapshot text for /Users/pamelavillar/Downloads/ludo-gui 2/src/main/scala/ludo/gui/components/BoardView.scala
2026.06.17 00:00:58 WARN  Could not load snapshot text for /Users/pamelavillar/Downloads/ludo-gui 2/src/main/scala/ludo/gui/components/BoardView.scala
2026.06.17 00:00:58 WARN  Could not load snapshot text for /Users/pamelavillar/Downloads/ludo-gui 2/src/main/scala/ludo/gui/components/BoardView.scala
2026.06.17 00:01:00 WARN  Could not load snapshot text for /Users/pamelavillar/Downloads/ludo-gui 2/src/main/scala/ludo/gui/components/BoardView.scala
2026.06.17 00:01:00 WARN  Could not load snapshot text for /Users/pamelavillar/Downloads/ludo-gui 2/src/main/scala/ludo/gui/components/BoardView.scala
Jun 17, 2026 12:01:02 AM org.eclipse.lsp4j.jsonrpc.RemoteEndpoint handleCancellation
WARNING: Unmatched cancel notification for request id 17861
2026.06.17 00:01:02 WARN  Could not load snapshot text for /Users/pamelavillar/Downloads/ludo-gui 2/src/main/scala/ludo/gui/components/BoardView.scala
2026.06.17 00:01:02 INFO  compiling ludo-gui-2 (1 scala source)
2026.06.17 00:01:02 INFO  time: compiled ludo-gui-2 in 0.42s
2026.06.17 00:01:03 WARN  Could not load snapshot text for /Users/pamelavillar/Downloads/ludo-gui 2/src/main/scala/ludo/gui/components/BoardView.scala
2026.06.17 00:01:35 WARN  Could not load snapshot text for /Users/pamelavillar/Downloads/ludo-gui 2/src/main/scala/ludo/gui/components/BoardView.scala
2026.06.17 00:01:54 WARN  Could not load snapshot text for /Users/pamelavillar/Downloads/ludo-gui 2/src/main/scala/ludo/gui/components/BoardView.scala
2026.06.17 00:01:54 WARN  Could not load snapshot text for /Users/pamelavillar/Downloads/ludo-gui 2/src/main/scala/ludo/gui/components/BoardView.scala
2026.06.17 00:01:54 WARN  Could not load snapshot text for /Users/pamelavillar/Downloads/ludo-gui 2/src/main/scala/ludo/gui/components/BoardView.scala
2026.06.17 00:01:54 WARN  Could not load snapshot text for /Users/pamelavillar/Downloads/ludo-gui 2/src/main/scala/ludo/gui/components/BoardView.scala
2026.06.17 00:02:00 WARN  Could not load snapshot text for /Users/pamelavillar/Downloads/ludo-gui 2/src/main/scala/ludo/gui/components/BoardView.scala
2026.06.17 00:02:28 WARN  Could not load snapshot text for /Users/pamelavillar/Downloads/ludo-gui 2/src/main/scala/ludo/gui/components/BoardView.scala
2026.06.17 00:02:29 WARN  Could not load snapshot text for /Users/pamelavillar/Downloads/ludo-gui 2/src/main/scala/ludo/gui/components/BoardView.scala
2026.06.17 00:23:35 WARN  Could not load snapshot text for /Users/pamelavillar/Downloads/ludo-gui 2/src/main/scala/ludo/gui/components/BoardView.scala
2026.06.17 07:56:26 WARN  Could not load snapshot text for /Users/pamelavillar/Downloads/ludo-gui 2/src/main/scala/ludo/gui/components/BoardView.scala
2026.06.17 07:56:32 WARN  Could not load snapshot text for /Users/pamelavillar/Downloads/ludo-gui 2/src/main/scala/ludo/gui/components/BoardView.scala
2026.06.17 07:56:35 WARN  Could not load snapshot text for /Users/pamelavillar/Downloads/ludo-gui 2/src/main/scala/ludo/gui/components/BoardView.scala
2026.06.17 07:56:35 WARN  Could not load snapshot text for /Users/pamelavillar/Downloads/ludo-gui 2/src/main/scala/ludo/gui/components/BoardView.scala
2026.06.17 07:56:35 WARN  Could not load snapshot text for /Users/pamelavillar/Downloads/ludo-gui 2/src/main/scala/ludo/gui/components/BoardView.scala
2026.06.17 07:56:36 WARN  Could not load snapshot text for /Users/pamelavillar/Downloads/ludo-gui 2/src/main/scala/ludo/gui/components/BoardView.scala
2026.06.17 07:56:38 WARN  Could not load snapshot text for /Users/pamelavillar/Downloads/ludo-gui 2/src/main/scala/ludo/gui/components/BoardView.scala
2026.06.17 07:59:26 INFO  compiling ludo-gui-2 (1 scala source)
2026.06.17 07:59:26 INFO  time: compiled ludo-gui-2 in 0.16s
2026.06.17 07:59:26 INFO  compiling ludo-gui-2 (1 scala source)
2026.06.17 07:59:26 INFO  time: compiled ludo-gui-2 in 55ms
2026.06.17 08:00:23 INFO  compiling ludo-gui-2 (1 scala source)
2026.06.17 08:00:23 INFO  time: compiled ludo-gui-2 in 68ms
2026.06.17 08:00:56 INFO  compiling ludo-gui-2 (1 scala source)
2026.06.17 08:00:56 INFO  time: compiled ludo-gui-2 in 0.17s
2026.06.17 08:00:56 INFO  compiling ludo-gui-2 (2 scala sources)
2026.06.17 08:00:56 INFO  time: compiled ludo-gui-2 in 0.23s
2026.06.17 08:04:54 INFO  compiling ludo-gui-2 (2 scala sources)
2026.06.17 08:04:54 INFO  time: compiled ludo-gui-2 in 99ms
2026.06.17 08:05:56 INFO  compiling ludo-gui-2 (2 scala sources)
2026.06.17 08:05:56 INFO  time: compiled ludo-gui-2 in 0.21s
2026.06.17 08:05:56 INFO  compiling ludo-gui-2 (2 scala sources)
2026.06.17 08:05:56 INFO  time: compiled ludo-gui-2 in 0.31s
2026.06.17 08:07:06 INFO  compiling ludo-gui-2 (1 scala source)
2026.06.17 08:07:06 INFO  time: compiled ludo-gui-2 in 0.21s
2026.06.17 08:07:08 INFO  compiling ludo-gui-2 (1 scala source)
2026.06.17 08:07:08 INFO  time: compiled ludo-gui-2 in 0.29s
2026.06.17 08:09:40 WARN  Could not load snapshot text for /Users/pamelavillar/Downloads/ludo-gui 2/src/main/scala/ludo/gui/components/BoardView.scala
2026.06.17 08:09:40 WARN  Could not load snapshot text for /Users/pamelavillar/Downloads/ludo-gui 2/src/main/scala/ludo/gui/components/BoardView.scala
2026.06.17 08:09:40 INFO  compiling ludo-gui-2 (1 scala source)
2026.06.17 08:09:40 INFO  time: compiled ludo-gui-2 in 0.33s
Jun 17, 2026 8:10:19 AM org.eclipse.lsp4j.jsonrpc.RemoteEndpoint handleCancellation
WARNING: Unmatched cancel notification for request id 19296
2026.06.17 08:10:37 INFO  compiling ludo-gui-2 (1 scala source)
2026.06.17 08:10:37 INFO  time: compiled ludo-gui-2 in 0.31s
2026.06.17 08:10:53 INFO  compiling ludo-gui-2 (1 scala source)
2026.06.17 08:10:53 INFO  time: compiled ludo-gui-2 in 0.27s
2026.06.17 08:11:06 INFO  compiling ludo-gui-2 (1 scala source)
2026.06.17 08:11:06 INFO  time: compiled ludo-gui-2 in 0.34s
2026.06.17 08:11:11 INFO  compiling ludo-gui-2 (1 scala source)
2026.06.17 08:11:11 INFO  time: compiled ludo-gui-2 in 0.27s
2026.06.17 08:13:59 INFO  compiling ludo-gui-2 (1 scala source)
2026.06.17 08:13:59 INFO  time: compiled ludo-gui-2 in 0.29s
2026.06.17 08:15:05 INFO  compiling ludo-gui-2 (1 scala source)
2026.06.17 08:15:05 INFO  time: compiled ludo-gui-2 in 0.24s
2026.06.17 08:20:31 INFO  compiling ludo-gui-2 (1 scala source)
2026.06.17 08:20:31 INFO  time: compiled ludo-gui-2 in 0.37s
2026.06.17 08:20:49 INFO  compiling ludo-gui-2 (1 scala source)
2026.06.17 08:20:49 INFO  time: compiled ludo-gui-2 in 0.34s
2026.06.17 08:20:52 INFO  Created report: Optional[file:///Users/pamelavillar/Downloads/ludo-gui%202/src/main/scala/ludo/gui/components/BoardView.scala]
2026.06.17 08:20:52 INFO  empty definition using pc, found symbol in pc: image. (full report at: "/Users/pamelavillar/Downloads/ludo-gui 2/.metals/.reports/metals-full/2026-06-17/r_empty-definition_(ludo-gui-2)_08-20-52-672.md")
2026.06.17 08:20:54 INFO  empty definition using pc, found symbol in pc: image. (full report at: "/Users/pamelavillar/Downloads/ludo-gui 2/.metals/.reports/metals-full/2026-06-17/r_empty-definition_(ludo-gui-2)_08-20-52-672.md")
2026.06.17 08:21:07 INFO  compiling ludo-gui-2 (1 scala source)
2026.06.17 08:21:07 INFO  time: compiled ludo-gui-2 in 0.34s
2026.06.17 08:23:51 INFO  compiling ludo-gui-2 (1 scala source)
2026.06.17 08:23:51 INFO  time: compiled ludo-gui-2 in 0.33s
2026.06.17 08:24:02 INFO  compiling ludo-gui-2 (1 scala source)
2026.06.17 08:24:02 INFO  time: compiled ludo-gui-2 in 0.36s
2026.06.17 08:24:33 INFO  compiling ludo-gui-2 (1 scala source)
2026.06.17 08:24:33 INFO  time: compiled ludo-gui-2 in 0.38s
2026.06.17 08:31:59 INFO  compiling ludo-gui-2 (1 scala source)
2026.06.17 08:31:59 INFO  time: compiled ludo-gui-2 in 0.28s
2026.06.17 08:31:59 INFO  compiling ludo-gui-2 (1 scala source)
2026.06.17 08:31:59 INFO  time: compiled ludo-gui-2 in 0.23s
Jun 17, 2026 8:32:10 AM org.eclipse.lsp4j.jsonrpc.RemoteEndpoint handleCancellation
WARNING: Unmatched cancel notification for request id 20543
2026.06.17 08:32:11 INFO  compiling ludo-gui-2 (2 scala sources)
2026.06.17 08:32:11 INFO  time: compiled ludo-gui-2 in 0.31s
2026.06.17 08:32:23 INFO  compiling ludo-gui-2 (1 scala source)
2026.06.17 08:32:23 INFO  time: compiled ludo-gui-2 in 0.38s
2026.06.17 08:34:04 INFO  compiling ludo-gui-2 (1 scala source)
2026.06.17 08:34:04 INFO  time: compiled ludo-gui-2 in 0.28s
2026.06.17 08:34:12 INFO  compiling ludo-gui-2 (1 scala source)
2026.06.17 08:34:12 INFO  time: compiled ludo-gui-2 in 0.31s
2026.06.17 08:34:19 INFO  compiling ludo-gui-2 (1 scala source)
2026.06.17 08:34:19 INFO  time: compiled ludo-gui-2 in 0.21s
2026.06.17 08:34:19 INFO  compiling ludo-gui-2 (1 scala source)
2026.06.17 08:34:19 INFO  time: compiled ludo-gui-2 in 0.23s
2026.06.17 08:39:58 INFO  compiling ludo-gui-2 (1 scala source)
2026.06.17 08:39:58 INFO  time: compiled ludo-gui-2 in 0.25s
2026.06.17 08:40:19 INFO  compiling ludo-gui-2 (1 scala source)
2026.06.17 08:40:19 INFO  time: compiled ludo-gui-2 in 0.28s
2026.06.17 08:40:48 INFO  compiling ludo-gui-2 (1 scala source)
2026.06.17 08:40:48 INFO  time: compiled ludo-gui-2 in 0.29s
2026.06.17 08:40:58 INFO  compiling ludo-gui-2 (1 scala source)
2026.06.17 08:40:58 INFO  time: compiled ludo-gui-2 in 0.25s
2026.06.17 08:41:39 INFO  compiling ludo-gui-2 (1 scala source)
2026.06.17 08:41:39 INFO  time: compiled ludo-gui-2 in 0.27s
2026.06.17 08:41:48 INFO  compiling ludo-gui-2 (1 scala source)
2026.06.17 08:41:48 INFO  time: compiled ludo-gui-2 in 0.22s
2026.06.17 08:43:07 INFO  compiling ludo-gui-2 (1 scala source)
2026.06.17 08:43:07 INFO  time: compiled ludo-gui-2 in 0.28s
2026.06.17 09:04:40 INFO  compiling ludo-gui-2 (1 scala source)
2026.06.17 09:04:40 INFO  time: compiled ludo-gui-2 in 0.34s
2026.06.17 09:04:48 INFO  compiling ludo-gui-2 (1 scala source)
2026.06.17 09:04:48 INFO  time: compiled ludo-gui-2 in 0.3s
2026.06.17 09:05:35 INFO  compiling ludo-gui-2 (1 scala source)
2026.06.17 09:05:35 INFO  time: compiled ludo-gui-2 in 0.26s
2026.06.17 09:06:09 INFO  compiling ludo-gui-2 (1 scala source)
2026.06.17 09:06:09 INFO  time: compiled ludo-gui-2 in 0.29s
2026.06.17 09:06:23 INFO  compiling ludo-gui-2 (1 scala source)
2026.06.17 09:06:23 INFO  time: compiled ludo-gui-2 in 0.28s
Jun 17, 2026 9:06:45 AM org.eclipse.lsp4j.jsonrpc.RemoteEndpoint handleCancellation
WARNING: Unmatched cancel notification for request id 21342
2026.06.17 09:06:54 INFO  compiling ludo-gui-2 (1 scala source)
2026.06.17 09:06:54 INFO  time: compiled ludo-gui-2 in 0.31s
2026.06.17 09:07:21 INFO  compiling ludo-gui-2 (1 scala source)
2026.06.17 09:07:21 INFO  time: compiled ludo-gui-2 in 0.27s
2026.06.17 09:07:41 INFO  compiling ludo-gui-2 (1 scala source)
2026.06.17 09:07:41 INFO  time: compiled ludo-gui-2 in 0.28s
2026.06.17 09:08:04 INFO  compiling ludo-gui-2 (1 scala source)
2026.06.17 09:08:04 INFO  time: compiled ludo-gui-2 in 0.27s
2026.06.17 09:08:18 INFO  compiling ludo-gui-2 (1 scala source)
2026.06.17 09:08:18 INFO  time: compiled ludo-gui-2 in 0.37s
2026.06.17 09:09:54 INFO  compiling ludo-gui-2 (1 scala source)
2026.06.17 09:09:54 INFO  time: compiled ludo-gui-2 in 0.24s
2026.06.17 09:11:11 INFO  compiling ludo-gui-2 (1 scala source)
2026.06.17 09:11:11 INFO  time: compiled ludo-gui-2 in 0.27s
2026.06.17 09:14:35 INFO  compiling ludo-gui-2 (1 scala source)
2026.06.17 09:14:35 INFO  time: compiled ludo-gui-2 in 0.27s
2026.06.17 09:14:47 INFO  compiling ludo-gui-2 (1 scala source)
2026.06.17 09:14:47 INFO  time: compiled ludo-gui-2 in 0.35s
2026.06.17 09:25:06 INFO  compiling ludo-gui-2 (1 scala source)
2026.06.17 09:25:06 INFO  time: compiled ludo-gui-2 in 0.33s
2026.06.17 09:25:57 INFO  compiling ludo-gui-2 (1 scala source)
2026.06.17 09:25:57 INFO  time: compiled ludo-gui-2 in 0.18s
2026.06.17 09:26:11 INFO  compiling ludo-gui-2 (1 scala source)
2026.06.17 09:26:11 INFO  time: compiled ludo-gui-2 in 0.15s
2026.06.17 09:26:19 INFO  compiling ludo-gui-2 (1 scala source)
2026.06.17 09:26:19 INFO  time: compiled ludo-gui-2 in 0.2s
2026.06.17 09:26:28 INFO  compiling ludo-gui-2 (1 scala source)
2026.06.17 09:26:28 INFO  time: compiled ludo-gui-2 in 0.14s
2026.06.17 09:26:29 INFO  compiling ludo-gui-2 (1 scala source)
2026.06.17 09:26:29 INFO  time: compiled ludo-gui-2 in 0.14s
2026.06.17 09:28:50 INFO  compiling ludo-gui-2 (1 scala source)
2026.06.17 09:28:50 INFO  time: compiled ludo-gui-2 in 0.17s
2026.06.17 09:29:30 INFO  compiling ludo-gui-2 (1 scala source)
2026.06.17 09:29:30 INFO  time: compiled ludo-gui-2 in 0.17s
2026.06.17 09:35:55 INFO  compiling ludo-gui-2 (1 scala source)
2026.06.17 09:35:55 INFO  time: compiled ludo-gui-2 in 0.15s
2026.06.17 09:35:55 INFO  compiling ludo-gui-2 (1 scala source)
2026.06.17 09:35:55 INFO  time: compiled ludo-gui-2 in 0.12s
2026.06.17 09:36:41 INFO  compiling ludo-gui-2 (1 scala source)
2026.06.17 09:36:41 INFO  time: compiled ludo-gui-2 in 0.17s
2026.06.17 09:37:33 INFO  compiling ludo-gui-2 (1 scala source)
2026.06.17 09:37:33 INFO  time: compiled ludo-gui-2 in 87ms
2026.06.17 09:37:34 WARN  Could not load snapshot text for /Users/pamelavillar/Downloads/ludo-gui 2/src/main/scala/ludo/gui/components/ControlPanel.scala
2026.06.17 09:38:12 WARN  Could not load snapshot text for /Users/pamelavillar/Downloads/ludo-gui 2/src/main/scala/ludo/gui/components/ControlPanel.scala
2026.06.17 09:38:17 WARN  Could not load snapshot text for /Users/pamelavillar/Downloads/ludo-gui 2/src/main/scala/ludo/gui/components/ControlPanel.scala
2026.06.17 09:38:18 WARN  Could not load snapshot text for /Users/pamelavillar/Downloads/ludo-gui 2/src/main/scala/ludo/gui/components/ControlPanel.scala
2026.06.17 09:38:19 WARN  Could not load snapshot text for /Users/pamelavillar/Downloads/ludo-gui 2/src/main/scala/ludo/gui/components/ControlPanel.scala
2026.06.17 09:38:20 WARN  Could not load snapshot text for /Users/pamelavillar/Downloads/ludo-gui 2/src/main/scala/ludo/gui/components/ControlPanel.scala
2026.06.17 09:38:20 WARN  Could not load snapshot text for /Users/pamelavillar/Downloads/ludo-gui 2/src/main/scala/ludo/gui/components/ControlPanel.scala
2026.06.17 09:38:22 WARN  Could not load snapshot text for /Users/pamelavillar/Downloads/ludo-gui 2/src/main/scala/ludo/gui/components/ControlPanel.scala
2026.06.17 09:38:23 WARN  Could not load snapshot text for /Users/pamelavillar/Downloads/ludo-gui 2/src/main/scala/ludo/gui/components/ControlPanel.scala
2026.06.17 09:38:24 WARN  Could not load snapshot text for /Users/pamelavillar/Downloads/ludo-gui 2/src/main/scala/ludo/gui/components/ControlPanel.scala
2026.06.17 09:38:25 WARN  Could not load snapshot text for /Users/pamelavillar/Downloads/ludo-gui 2/src/main/scala/ludo/gui/components/ControlPanel.scala
2026.06.17 09:38:26 WARN  Could not load snapshot text for /Users/pamelavillar/Downloads/ludo-gui 2/src/main/scala/ludo/gui/components/ControlPanel.scala
2026.06.17 09:38:27 WARN  Could not load snapshot text for /Users/pamelavillar/Downloads/ludo-gui 2/src/main/scala/ludo/gui/components/ControlPanel.scala
2026.06.17 09:38:28 WARN  Could not load snapshot text for /Users/pamelavillar/Downloads/ludo-gui 2/src/main/scala/ludo/gui/components/ControlPanel.scala
2026.06.17 09:38:29 WARN  Could not load snapshot text for /Users/pamelavillar/Downloads/ludo-gui 2/src/main/scala/ludo/gui/components/ControlPanel.scala
2026.06.17 09:38:29 WARN  Could not load snapshot text for /Users/pamelavillar/Downloads/ludo-gui 2/src/main/scala/ludo/gui/components/ControlPanel.scala
2026.06.17 09:38:30 WARN  Could not load snapshot text for /Users/pamelavillar/Downloads/ludo-gui 2/src/main/scala/ludo/gui/components/ControlPanel.scala
2026.06.17 09:38:31 WARN  Could not load snapshot text for /Users/pamelavillar/Downloads/ludo-gui 2/src/main/scala/ludo/gui/components/ControlPanel.scala
2026.06.17 09:38:32 WARN  Could not load snapshot text for /Users/pamelavillar/Downloads/ludo-gui 2/src/main/scala/ludo/gui/components/ControlPanel.scala
2026.06.17 09:38:32 WARN  Could not load snapshot text for /Users/pamelavillar/Downloads/ludo-gui 2/src/main/scala/ludo/gui/components/ControlPanel.scala
2026.06.17 09:38:33 WARN  Could not load snapshot text for /Users/pamelavillar/Downloads/ludo-gui 2/src/main/scala/ludo/gui/components/ControlPanel.scala
2026.06.17 09:38:33 WARN  Could not load snapshot text for /Users/pamelavillar/Downloads/ludo-gui 2/src/main/scala/ludo/gui/components/ControlPanel.scala
2026.06.17 09:38:34 INFO  compiling ludo-gui-2 (1 scala source)
2026.06.17 09:38:34 INFO  time: compiled ludo-gui-2 in 0.1s
2026.06.17 09:38:34 WARN  Could not load snapshot text for /Users/pamelavillar/Downloads/ludo-gui 2/src/main/scala/ludo/gui/components/ControlPanel.scala
2026.06.17 09:38:41 WARN  Could not load snapshot text for /Users/pamelavillar/Downloads/ludo-gui 2/src/main/scala/ludo/gui/components/ControlPanel.scala
2026.06.17 09:38:45 WARN  Could not load snapshot text for /Users/pamelavillar/Downloads/ludo-gui 2/src/main/scala/ludo/gui/components/ControlPanel.scala
2026.06.17 09:38:45 WARN  Could not load snapshot text for /Users/pamelavillar/Downloads/ludo-gui 2/src/main/scala/ludo/gui/components/ControlPanel.scala
2026.06.17 09:38:46 WARN  Could not load snapshot text for /Users/pamelavillar/Downloads/ludo-gui 2/src/main/scala/ludo/gui/components/ControlPanel.scala
2026.06.17 09:38:46 WARN  Could not load snapshot text for /Users/pamelavillar/Downloads/ludo-gui 2/src/main/scala/ludo/gui/components/ControlPanel.scala
2026.06.17 09:38:46 WARN  Could not load snapshot text for /Users/pamelavillar/Downloads/ludo-gui 2/src/main/scala/ludo/gui/components/ControlPanel.scala
2026.06.17 09:38:46 WARN  Could not load snapshot text for /Users/pamelavillar/Downloads/ludo-gui 2/src/main/scala/ludo/gui/components/ControlPanel.scala
2026.06.17 09:38:47 WARN  Could not load snapshot text for /Users/pamelavillar/Downloads/ludo-gui 2/src/main/scala/ludo/gui/components/ControlPanel.scala
2026.06.17 09:38:48 WARN  Could not load snapshot text for /Users/pamelavillar/Downloads/ludo-gui 2/src/main/scala/ludo/gui/components/ControlPanel.scala
2026.06.17 09:38:49 WARN  Could not load snapshot text for /Users/pamelavillar/Downloads/ludo-gui 2/src/main/scala/ludo/gui/components/ControlPanel.scala
2026.06.17 09:38:49 WARN  Could not load snapshot text for /Users/pamelavillar/Downloads/ludo-gui 2/src/main/scala/ludo/gui/components/ControlPanel.scala
2026.06.17 09:38:50 WARN  Could not load snapshot text for /Users/pamelavillar/Downloads/ludo-gui 2/src/main/scala/ludo/gui/components/ControlPanel.scala
2026.06.17 09:38:52 WARN  Could not load snapshot text for /Users/pamelavillar/Downloads/ludo-gui 2/src/main/scala/ludo/gui/components/ControlPanel.scala
Jun 17, 2026 9:38:52 AM org.eclipse.lsp4j.jsonrpc.RemoteEndpoint handleCancellation
WARNING: Unmatched cancel notification for request id 24164
2026.06.17 09:38:52 WARN  Could not load snapshot text for /Users/pamelavillar/Downloads/ludo-gui 2/src/main/scala/ludo/gui/components/ControlPanel.scala
2026.06.17 09:38:55 WARN  Could not load snapshot text for /Users/pamelavillar/Downloads/ludo-gui 2/src/main/scala/ludo/gui/components/ControlPanel.scala
2026.06.17 09:38:58 WARN  Could not load snapshot text for /Users/pamelavillar/Downloads/ludo-gui 2/src/main/scala/ludo/gui/components/ControlPanel.scala
2026.06.17 09:38:59 WARN  Could not load snapshot text for /Users/pamelavillar/Downloads/ludo-gui 2/src/main/scala/ludo/gui/components/ControlPanel.scala
2026.06.17 09:39:01 WARN  Could not load snapshot text for /Users/pamelavillar/Downloads/ludo-gui 2/src/main/scala/ludo/gui/components/ControlPanel.scala
2026.06.17 09:39:02 WARN  Could not load snapshot text for /Users/pamelavillar/Downloads/ludo-gui 2/src/main/scala/ludo/gui/components/ControlPanel.scala
2026.06.17 09:39:03 WARN  Could not load snapshot text for /Users/pamelavillar/Downloads/ludo-gui 2/src/main/scala/ludo/gui/components/ControlPanel.scala
2026.06.17 09:39:03 WARN  Could not load snapshot text for /Users/pamelavillar/Downloads/ludo-gui 2/src/main/scala/ludo/gui/components/ControlPanel.scala
2026.06.17 09:39:02 WARN  Could not load snapshot text for /Users/pamelavillar/Downloads/ludo-gui 2/src/main/scala/ludo/gui/components/ControlPanel.scala
2026.06.17 09:39:03 WARN  Could not load snapshot text for /Users/pamelavillar/Downloads/ludo-gui 2/src/main/scala/ludo/gui/components/ControlPanel.scala
2026.06.17 09:39:03 INFO  compiling ludo-gui-2 (1 scala source)
2026.06.17 09:39:03 WARN  Could not load snapshot text for /Users/pamelavillar/Downloads/ludo-gui 2/src/main/scala/ludo/gui/components/ControlPanel.scala
2026.06.17 09:39:03 INFO  time: compiled ludo-gui-2 in 0.13s
2026.06.17 09:39:03 WARN  Could not load snapshot text for /Users/pamelavillar/Downloads/ludo-gui 2/src/main/scala/ludo/gui/components/ControlPanel.scala
2026.06.17 09:39:06 WARN  Could not load snapshot text for /Users/pamelavillar/Downloads/ludo-gui 2/src/main/scala/ludo/gui/components/ControlPanel.scala
2026.06.17 09:39:07 WARN  Could not load snapshot text for /Users/pamelavillar/Downloads/ludo-gui 2/src/main/scala/ludo/gui/components/ControlPanel.scala
2026.06.17 09:39:08 WARN  Could not load snapshot text for /Users/pamelavillar/Downloads/ludo-gui 2/src/main/scala/ludo/gui/components/ControlPanel.scala
2026.06.17 09:39:08 WARN  Could not load snapshot text for /Users/pamelavillar/Downloads/ludo-gui 2/src/main/scala/ludo/gui/components/ControlPanel.scala
2026.06.17 09:39:09 WARN  Could not load snapshot text for /Users/pamelavillar/Downloads/ludo-gui 2/src/main/scala/ludo/gui/components/ControlPanel.scala
2026.06.17 09:39:09 INFO  compiling ludo-gui-2 (1 scala source)
2026.06.17 09:39:09 INFO  time: compiled ludo-gui-2 in 75ms
2026.06.17 09:39:10 WARN  Could not load snapshot text for /Users/pamelavillar/Downloads/ludo-gui 2/src/main/scala/ludo/gui/components/ControlPanel.scala
2026.06.17 09:39:12 WARN  Could not load snapshot text for /Users/pamelavillar/Downloads/ludo-gui 2/src/main/scala/ludo/gui/components/ControlPanel.scala
2026.06.17 09:39:12 WARN  Could not load snapshot text for /Users/pamelavillar/Downloads/ludo-gui 2/src/main/scala/ludo/gui/components/ControlPanel.scala
2026.06.17 09:39:13 INFO  compiling ludo-gui-2 (1 scala source)
2026.06.17 09:39:13 INFO  time: compiled ludo-gui-2 in 0.11s
2026.06.17 09:39:13 WARN  Could not load snapshot text for /Users/pamelavillar/Downloads/ludo-gui 2/src/main/scala/ludo/gui/components/ControlPanel.scala
2026.06.17 09:39:29 WARN  Could not load snapshot text for /Users/pamelavillar/Downloads/ludo-gui 2/src/main/scala/ludo/gui/components/ControlPanel.scala
2026.06.17 09:39:29 WARN  Could not load snapshot text for /Users/pamelavillar/Downloads/ludo-gui 2/src/main/scala/ludo/gui/components/ControlPanel.scala
2026.06.17 09:39:29 WARN  Could not load snapshot text for /Users/pamelavillar/Downloads/ludo-gui 2/src/main/scala/ludo/gui/components/ControlPanel.scala
2026.06.17 09:39:31 WARN  Could not load snapshot text for /Users/pamelavillar/Downloads/ludo-gui 2/src/main/scala/ludo/gui/components/ControlPanel.scala
2026.06.17 09:39:31 INFO  compiling ludo-gui-2 (1 scala source)
2026.06.17 09:39:31 INFO  time: compiled ludo-gui-2 in 0.34s
2026.06.17 09:40:01 INFO  compiling ludo-gui-2 (1 scala source)
2026.06.17 09:40:01 INFO  time: compiled ludo-gui-2 in 0.19s
Jun 17, 2026 9:40:13 AM org.eclipse.lsp4j.jsonrpc.RemoteEndpoint handleCancellation
WARNING: Unmatched cancel notification for request id 24413
2026.06.17 09:40:19 INFO  compiling ludo-gui-2 (1 scala source)
2026.06.17 09:40:19 INFO  time: compiled ludo-gui-2 in 0.17s
2026.06.17 09:40:43 INFO  compiling ludo-gui-2 (1 scala source)
2026.06.17 09:40:43 INFO  time: compiled ludo-gui-2 in 0.23s
Jun 17, 2026 9:40:49 AM org.eclipse.lsp4j.jsonrpc.RemoteEndpoint handleCancellation
WARNING: Unmatched cancel notification for request id 24533
2026.06.17 09:40:52 INFO  compiling ludo-gui-2 (1 scala source)
2026.06.17 09:40:52 WARN  Could not load snapshot text for /Users/pamelavillar/Downloads/ludo-gui 2/src/main/scala/ludo/gui/components/ControlPanel.scala
2026.06.17 09:40:52 WARN  Could not load snapshot text for /Users/pamelavillar/Downloads/ludo-gui 2/src/main/scala/ludo/gui/components/ControlPanel.scala
2026.06.17 09:40:52 WARN  Could not load snapshot text for /Users/pamelavillar/Downloads/ludo-gui 2/src/main/scala/ludo/gui/components/ControlPanel.scala
2026.06.17 09:40:52 INFO  time: compiled ludo-gui-2 in 0.23s
Jun 17, 2026 9:41:00 AM org.eclipse.lsp4j.jsonrpc.RemoteEndpoint handleCancellation
WARNING: Unmatched cancel notification for request id 24580
2026.06.17 09:41:00 INFO  compiling ludo-gui-2 (1 scala source)
2026.06.17 09:41:00 INFO  time: compiled ludo-gui-2 in 0.23s
2026.06.17 09:41:07 INFO  compiling ludo-gui-2 (1 scala source)
2026.06.17 09:41:07 INFO  time: compiled ludo-gui-2 in 0.22s
2026.06.17 09:42:04 INFO  compiling ludo-gui-2 (1 scala source)
2026.06.17 09:42:04 INFO  time: compiled ludo-gui-2 in 0.16s
2026.06.17 09:45:12 INFO  compiling ludo-gui-2 (1 scala source)
2026.06.17 09:45:12 INFO  time: compiled ludo-gui-2 in 0.16s
2026.06.17 09:45:16 INFO  compiling ludo-gui-2 (1 scala source)
2026.06.17 09:45:16 INFO  time: compiled ludo-gui-2 in 0.14s
2026.06.17 09:48:34 INFO  compiling ludo-gui-2 (1 scala source)
2026.06.17 09:48:34 INFO  time: compiled ludo-gui-2 in 0.21s
2026.06.17 09:50:06 INFO  compiling ludo-gui-2 (1 scala source)
2026.06.17 09:50:06 INFO  time: compiled ludo-gui-2 in 0.17s
2026.06.17 09:51:09 INFO  compiling ludo-gui-2 (1 scala source)
2026.06.17 09:51:09 INFO  time: compiled ludo-gui-2 in 0.17s
2026.06.17 09:51:25 INFO  compiling ludo-gui-2 (1 scala source)
2026.06.17 09:51:25 INFO  time: compiled ludo-gui-2 in 0.24s
2026.06.17 09:54:31 INFO  Created report: Optional[file:///Users/pamelavillar/Downloads/ludo-gui%202/src/main/scala/ludo/gui/components/ControlPanel.scala]
2026.06.17 09:54:31 INFO  empty definition using pc, found symbol in pc:  (full report at: "/Users/pamelavillar/Downloads/ludo-gui 2/.metals/.reports/metals-full/2026-06-17/r_empty-definition_(ludo-gui-2)_09-54-31-082.md")
2026.06.17 09:54:31 INFO  compiling ludo-gui-2 (1 scala source)
2026.06.17 09:54:31 INFO  empty definition using pc, found symbol in pc:  (full report at: "/Users/pamelavillar/Downloads/ludo-gui 2/.metals/.reports/metals-full/2026-06-17/r_empty-definition_(ludo-gui-2)_09-54-31-082.md")
2026.06.17 09:54:31 INFO  time: compiled ludo-gui-2 in 0.1s
2026.06.17 09:54:34 INFO  compiling ludo-gui-2 (1 scala source)
2026.06.17 09:54:34 INFO  time: compiled ludo-gui-2 in 0.2s
Jun 17, 2026 9:55:02 AM org.eclipse.lsp4j.jsonrpc.RemoteEndpoint handleCancellation
WARNING: Unmatched cancel notification for request id 25392
2026.06.17 09:55:10 INFO  compiling ludo-gui-2 (1 scala source)
2026.06.17 09:55:10 INFO  time: compiled ludo-gui-2 in 0.16s
2026.06.17 09:58:23 INFO  compiling ludo-gui-2 (1 scala source)
2026.06.17 09:58:23 INFO  time: compiled ludo-gui-2 in 0.13s
2026.06.17 10:00:38 INFO  compiling ludo-gui-2 (1 scala source)
2026.06.17 10:00:38 INFO  time: compiled ludo-gui-2 in 0.15s
2026.06.17 10:01:22 INFO  no build target found for /Users/pamelavillar/Downloads/ludo-gui 2/prueba.scala. Using presentation compiler with project's scala-library version: 3.3.7
2026.06.17 10:01:22 INFO  no build target found for /Users/pamelavillar/Downloads/ludo-gui 2/prueba.scala. Using presentation compiler with project's scala-library version: 3.3.7
2026.06.17 10:01:22 WARN  no build target for: /Users/pamelavillar/Downloads/ludo-gui 2/prueba.scala
2026.06.17 10:01:22 INFO  no build target found for /Users/pamelavillar/Downloads/ludo-gui 2/prueba.scala. Using presentation compiler with project's scala-library version: 3.3.7
2026.06.17 10:01:23 INFO  no build target found for /Users/pamelavillar/Downloads/ludo-gui 2/prueba.scala. Using presentation compiler with project's scala-library version: 3.3.7
2026.06.17 10:01:28 INFO  no build target found for /Users/pamelavillar/Downloads/ludo-gui 2/prueba.scala. Using presentation compiler with project's scala-library version: 3.3.7
2026.06.17 10:02:44 INFO  Shutting down server
2026.06.17 10:02:44 INFO  Memory monitor stopped
2026.06.17 10:02:44 INFO  shutting down Metals
2026.06.17 10:02:44 INFO  Shut down connection with build server.
2026.06.17 10:02:44 INFO  Shut down connection with build server.
2026.06.17 10:02:44 INFO  Exiting server
2026.06.17 10:03:24 INFO  Started: Metals version 1.6.7 in folders '/Users/pamelavillar/Downloads/ludo_of' for client Visual Studio Code 1.95.3.
2026.06.17 10:03:24 INFO  Memory monitor started
2026.06.17 10:03:24 WARN  Using H2 2.4.240 which is newer than the version Flyway has been verified with. The latest verified version of H2 is 2.3.232.
2026.06.17 10:03:24 INFO  Attempting to connect to the build server...
Jun 17, 2026 10:03:25 AM org.eclipse.lsp4j.jsonrpc.services.GenericEndpoint notify
INFO: Unsupported notification method: $/setTrace
2026.06.17 10:03:24 INFO  Found a Bloop server running
2026.06.17 10:03:25 INFO  tracing is disabled for protocol BSP, to enable tracing of incoming and outgoing JSON messages create an empty file at /Users/pamelavillar/Downloads/ludo_of/.metals/bsp.trace.json or /Users/pamelavillar/Library/Caches/org.scalameta.metals/bsp.trace.json
2026.06.17 10:03:25 INFO  Attempting to connect to the build server...
2026.06.17 10:03:25 INFO  Found a Bloop server running
2026.06.17 10:03:25 INFO  tracing is disabled for protocol BSP, to enable tracing of incoming and outgoing JSON messages create an empty file at /Users/pamelavillar/Downloads/ludo_of/project/.metals/bsp.trace.json or /Users/pamelavillar/Library/Caches/org.scalameta.metals/bsp.trace.json
2026.06.17 10:03:25 INFO  time: Connected to build server in 0.33s
2026.06.17 10:03:25 INFO  Connected to Build server: Bloop v2.0.19
2026.06.17 10:03:25 INFO  restarted 0 presentation compilers
Jun 17, 2026 10:03:26 AM org.eclipse.lsp4j.jsonrpc.services.GenericEndpoint notify
INFO: Unsupported notification method: $/setTrace
2026.06.17 10:03:27 WARN  Using H2 2.4.240 which is newer than the version Flyway has been verified with. The latest verified version of H2 is 2.3.232.
2026.06.17 10:03:27 INFO  time: indexed workspace in 3.01s
2026.06.17 10:03:37 INFO  running '/Users/pamelavillar/Downloads/zulu17.66.19-ca-jdk17.0.19-macosx_aarch64 2/Contents/Home/bin/java -Djline.terminal=jline.UnsupportedTerminal -Dsbt.log.noformat=true -Dfile.encoding=UTF-8 -jar /var/folders/rh/0vzy5crd1pzby6qt7c06_nk00000gn/T/metals11889599506612203935/sbt-launch.jar -Dbloop.export-jar-classifiers=sources bloopInstall'
2026.06.17 10:03:38 INFO  [info] welcome to sbt 1.12.5 (Azul Systems, Inc. Java 17.0.19)
2026.06.17 10:03:38 INFO  [info] loading settings for project ludo_of-build-build from metals.sbt...
2026.06.17 10:03:39 INFO  [info] loading project definition from /Users/pamelavillar/Downloads/ludo_of/project/project
2026.06.17 10:03:39 INFO  [info] loading settings for project ludo_of-build from metals.sbt...
2026.06.17 10:03:39 INFO  [info] loading project definition from /Users/pamelavillar/Downloads/ludo_of/project
2026.06.17 10:03:40 INFO  [success] Generated .bloop/ludo_of-build.json
2026.06.17 10:03:40 INFO  [warn] Removed stale /Users/pamelavillar/Downloads/ludo_of/project/.bloop/ludo-gui-2-build.json
2026.06.17 10:03:40 INFO  [success] Total time: 1 s, completed Jun 17, 2026, 10:03:40 AM
2026.06.17 10:03:40 INFO  [info] loading settings for project ludo_of from build.sbt...
2026.06.17 10:03:40 INFO  [info] set current project to ludo-gui (in build file:/Users/pamelavillar/Downloads/ludo_of/)
2026.06.17 10:03:40 INFO  [success] Generated .bloop/ludo_of.json
2026.06.17 10:03:40 INFO  [success] Generated .bloop/ludo_of-test.json
2026.06.17 10:03:40 INFO  [warn] Removed stale /Users/pamelavillar/Downloads/ludo_of/.bloop/ludo-gui-2-test.json
2026.06.17 10:03:40 INFO  [warn] Removed stale /Users/pamelavillar/Downloads/ludo_of/.bloop/ludo-gui-2.json
2026.06.17 10:03:40 INFO  [success] Total time: 0 s, completed Jun 17, 2026, 10:03:41 AM
2026.06.17 10:03:41 INFO  time: ran 'sbt bloopInstall' in 4.28s
2026.06.17 10:03:41 INFO  Disconnecting from Bloop session...
2026.06.17 10:03:41 INFO  Shut down connection with build server.
2026.06.17 10:03:41 INFO  Shut down connection with build server.
2026.06.17 10:03:41 INFO  Attempting to connect to the build server...
2026.06.17 10:03:41 INFO  Found a Bloop server running
2026.06.17 10:03:41 INFO  tracing is disabled for protocol BSP, to enable tracing of incoming and outgoing JSON messages create an empty file at /Users/pamelavillar/Downloads/ludo_of/.metals/bsp.trace.json or /Users/pamelavillar/Library/Caches/org.scalameta.metals/bsp.trace.json
2026.06.17 10:03:41 INFO  Attempting to connect to the build server...
2026.06.17 10:03:41 INFO  Found a Bloop server running
2026.06.17 10:03:41 INFO  tracing is disabled for protocol BSP, to enable tracing of incoming and outgoing JSON messages create an empty file at /Users/pamelavillar/Downloads/ludo_of/project/.metals/bsp.trace.json or /Users/pamelavillar/Library/Caches/org.scalameta.metals/bsp.trace.json
2026.06.17 10:03:41 INFO  time: Connected to build server in 0.23s
2026.06.17 10:03:41 INFO  Connected to Build server: Bloop v2.0.19
2026.06.17 10:03:43 INFO  time: indexed workspace in 1.11s
2026.06.17 10:11:16 INFO  compiling ludo_of (9 scala sources)
2026.06.17 10:11:16 INFO  time: compiled ludo_of in 0.6s
2026.06.17 14:36:36 INFO  compiling ludo_of (9 scala sources)
2026.06.17 14:36:36 INFO  time: compiled ludo_of in 0.61s
2026.06.17 14:37:59 INFO  compiling ludo_of (9 scala sources)
2026.06.17 14:37:59 WARN  Could not load snapshot text for /Users/pamelavillar/Downloads/ludo_of/src/main/scala/ludo/shared/Shared.scala
2026.06.17 14:37:59 INFO  time: compiled ludo_of in 0.46s
2026.06.17 14:38:30 INFO  compiling ludo_of (9 scala sources)
Jun 17, 2026 2:38:31 PM org.eclipse.lsp4j.jsonrpc.services.GenericEndpoint notify
INFO: Unsupported notification method: $/setTrace
2026.06.17 14:38:30 INFO  time: compiled ludo_of in 0.52s
2026.06.17 14:38:59 INFO  compiling ludo_of (3 scala sources)
2026.06.17 14:38:59 INFO  time: compiled ludo_of in 0.33s
2026.06.17 14:39:08 INFO  compiling ludo_of (3 scala sources)
2026.06.17 14:39:08 WARN  Could not load snapshot text for /Users/pamelavillar/Downloads/ludo_of/src/main/scala/ludo/shared/Shared.scala
2026.06.17 14:39:08 INFO  time: compiled ludo_of in 0.36s
2026.06.17 14:39:47 INFO  compiling ludo_of (2 scala sources)
2026.06.17 14:39:47 INFO  time: compiled ludo_of in 0.21s
2026.06.17 14:40:10 INFO  compiling ludo_of (3 scala sources)
2026.06.17 14:40:11 WARN  Could not load snapshot text for /Users/pamelavillar/Downloads/ludo_of/src/main/scala/ludo/shared/Shared.scala
2026.06.17 14:40:10 INFO  time: compiled ludo_of in 0.35s
2026.06.17 14:40:59 INFO  compiling ludo_of (4 scala sources)
2026.06.17 14:40:59 INFO  time: compiled ludo_of in 0.38s
2026.06.17 14:41:09 INFO  compiling ludo_of (3 scala sources)
2026.06.17 14:41:09 WARN  Could not load snapshot text for /Users/pamelavillar/Downloads/ludo_of/src/main/scala/ludo/shared/Shared.scala
2026.06.17 14:41:09 INFO  time: compiled ludo_of in 0.3s
2026.06.17 14:41:09 INFO  compiling ludo_of (4 scala sources)
2026.06.17 14:41:09 INFO  time: compiled ludo_of in 0.28s
2026.06.17 14:41:09 INFO  compiling ludo_of (2 scala sources)
2026.06.17 14:41:09 INFO  time: compiled ludo_of in 0.33s
2026.06.17 14:41:25 INFO  compiling ludo_of (4 scala sources)
2026.06.17 14:41:25 INFO  time: compiled ludo_of in 0.49s
2026.06.17 14:41:25 INFO  compiling ludo_of (1 scala source)
2026.06.17 14:41:25 INFO  time: compiled ludo_of in 0.14s
2026.06.17 14:41:25 INFO  compiling ludo_of (1 scala source)
2026.06.17 14:41:25 INFO  time: compiled ludo_of in 0.12s
2026.06.17 14:41:35 INFO  compiling ludo_of (3 scala sources)
2026.06.17 14:41:35 WARN  Could not load snapshot text for /Users/pamelavillar/Downloads/ludo_of/src/main/scala/ludo/shared/Shared.scala
2026.06.17 14:41:35 INFO  time: compiled ludo_of in 0.44s
2026.06.17 14:41:52 INFO  compiling ludo_of (4 scala sources)
2026.06.17 14:41:52 INFO  time: compiled ludo_of in 0.38s
2026.06.17 14:41:52 INFO  compiling ludo_of (1 scala source)
2026.06.17 14:41:52 INFO  time: compiled ludo_of in 0.14s
2026.06.17 14:41:52 INFO  compiling ludo_of (1 scala source)
2026.06.17 14:41:52 INFO  time: compiled ludo_of in 0.12s
2026.06.17 14:42:06 INFO  compiling ludo_of (2 scala sources)
2026.06.17 14:42:06 WARN  Could not load snapshot text for /Users/pamelavillar/Downloads/ludo_of/src/main/scala/ludo/shared/Shared.scala
2026.06.17 14:42:06 INFO  time: compiled ludo_of in 0.17s
2026.06.17 14:42:15 INFO  compiling ludo_of (2 scala sources)
2026.06.17 14:42:15 INFO  time: compiled ludo_of in 0.2s
2026.06.17 14:42:28 INFO  compiling ludo_of (2 scala sources)
2026.06.17 14:42:28 INFO  time: compiled ludo_of in 0.15s
2026.06.17 14:42:57 INFO  compiling ludo_of (3 scala sources)
2026.06.17 14:42:57 INFO  time: compiled ludo_of in 0.23s
2026.06.17 14:43:09 INFO  compiling ludo_of (4 scala sources)
2026.06.17 14:43:09 WARN  Could not load snapshot text for /Users/pamelavillar/Downloads/ludo_of/src/main/scala/ludo/shared/Shared.scala
2026.06.17 14:43:09 INFO  time: compiled ludo_of in 0.43s
2026.06.17 14:43:18 INFO  compiling ludo_of (3 scala sources)
2026.06.17 14:43:18 INFO  time: compiled ludo_of in 0.26s
2026.06.17 14:43:33 INFO  compiling ludo_of (3 scala sources)
2026.06.17 14:43:33 WARN  Could not load snapshot text for /Users/pamelavillar/Downloads/ludo_of/src/main/scala/ludo/shared/Shared.scala
2026.06.17 14:43:33 INFO  time: compiled ludo_of in 0.26s
2026.06.17 14:43:46 INFO  compiling ludo_of (2 scala sources)
2026.06.17 14:43:46 INFO  time: compiled ludo_of in 0.23s
2026.06.17 14:43:46 INFO  compiling ludo_of (3 scala sources)
2026.06.17 14:43:46 INFO  time: compiled ludo_of in 0.17s
2026.06.17 14:43:52 INFO  compiling ludo_of (3 scala sources)
2026.06.17 14:43:52 WARN  Could not load snapshot text for /Users/pamelavillar/Downloads/ludo_of/src/main/scala/ludo/shared/Shared.scala
2026.06.17 14:43:52 INFO  time: compiled ludo_of in 0.19s
2026.06.17 14:44:06 INFO  compiling ludo_of (4 scala sources)
2026.06.17 14:44:06 INFO  time: compiled ludo_of in 0.25s
2026.06.17 14:45:37 INFO  compiling ludo_of (2 scala sources)
2026.06.17 14:45:37 WARN  Could not load snapshot text for /Users/pamelavillar/Downloads/ludo_of/src/main/scala/ludo/shared/Shared.scala
2026.06.17 14:45:37 INFO  time: compiled ludo_of in 0.2s
2026.06.17 14:45:55 INFO  compiling ludo_of (4 scala sources)
2026.06.17 14:45:55 INFO  time: compiled ludo_of in 0.37s
2026.06.17 14:46:06 INFO  compiling ludo_of (2 scala sources)
2026.06.17 14:46:06 WARN  Could not load snapshot text for /Users/pamelavillar/Downloads/ludo_of/src/main/scala/ludo/shared/Shared.scala
2026.06.17 14:46:06 INFO  time: compiled ludo_of in 0.24s
2026.06.17 14:46:14 INFO  compiling ludo_of (2 scala sources)
2026.06.17 14:46:14 INFO  time: compiled ludo_of in 0.15s
2026.06.17 14:46:23 INFO  compiling ludo_of (3 scala sources)
2026.06.17 14:46:23 INFO  time: compiled ludo_of in 0.25s
2026.06.17 14:46:33 INFO  compiling ludo_of (3 scala sources)
2026.06.17 14:46:33 WARN  Could not load snapshot text for /Users/pamelavillar/Downloads/ludo_of/src/main/scala/ludo/shared/Shared.scala
2026.06.17 14:46:33 INFO  time: compiled ludo_of in 0.2s
2026.06.17 14:46:40 INFO  compiling ludo_of (3 scala sources)
2026.06.17 14:46:40 INFO  time: compiled ludo_of in 0.22s
2026.06.17 14:47:39 INFO  compiling ludo_of (1 scala source)
2026.06.17 14:47:39 INFO  time: compiled ludo_of in 0.24s
2026.06.17 14:50:51 INFO  compiling ludo_of (1 scala source)
2026.06.17 14:50:51 INFO  time: compiled ludo_of in 0.27s
2026.06.17 14:51:21 INFO  compiling ludo_of (1 scala source)
2026.06.17 14:51:21 WARN  Could not load snapshot text for /Users/pamelavillar/Downloads/ludo_of/src/main/scala/ludo/gui/components/BaseZone.scala
2026.06.17 14:51:21 INFO  time: compiled ludo_of in 0.26s
2026.06.17 14:51:49 INFO  compiling ludo_of (1 scala source)
2026.06.17 14:51:49 INFO  time: compiled ludo_of in 0.28s
2026.06.17 14:51:49 INFO  compiling ludo_of (1 scala source)
2026.06.17 14:51:49 INFO  time: compiled ludo_of in 0.22s
2026.06.17 14:52:03 INFO  compiling ludo_of (1 scala source)
2026.06.17 14:52:03 INFO  time: compiled ludo_of in 0.28s
Jun 17, 2026 2:52:54 PM org.eclipse.lsp4j.jsonrpc.RemoteEndpoint handleCancellation
WARNING: Unmatched cancel notification for request id 1213
2026.06.17 14:53:06 INFO  compiling ludo_of (1 scala source)
2026.06.17 14:53:06 INFO  time: compiled ludo_of in 0.3s
2026.06.17 14:54:17 INFO  compiling ludo_of (2 scala sources)
2026.06.17 14:54:17 WARN  Could not load snapshot text for /Users/pamelavillar/Downloads/ludo_of/src/main/scala/ludo/gui/components/BoardView.scala
2026.06.17 14:54:17 INFO  time: compiled ludo_of in 0.35s
Jun 17, 2026 2:54:30 PM org.eclipse.lsp4j.jsonrpc.RemoteEndpoint handleCancellation
WARNING: Unmatched cancel notification for request id 1329
2026.06.17 14:54:47 INFO  compiling ludo_of (4 scala sources)
2026.06.17 14:54:47 INFO  time: compiled ludo_of in 0.46s
2026.06.17 14:54:47 INFO  compiling ludo_of (2 scala sources)
2026.06.17 14:54:47 INFO  time: compiled ludo_of in 0.14s
2026.06.17 14:55:11 INFO  compiling ludo_of (2 scala sources)
2026.06.17 14:55:11 WARN  Could not load snapshot text for /Users/pamelavillar/Downloads/ludo_of/src/main/scala/ludo/gui/components/BoardView.scala
2026.06.17 14:55:11 INFO  time: compiled ludo_of in 0.34s
2026.06.17 14:55:57 INFO  compiling ludo_of (1 scala source)
2026.06.17 14:55:57 INFO  time: compiled ludo_of in 0.32s
2026.06.17 14:56:04 INFO  compiling ludo_of (1 scala source)
2026.06.17 14:56:04 INFO  time: compiled ludo_of in 0.29s
Jun 17, 2026 2:57:46 PM org.eclipse.lsp4j.jsonrpc.RemoteEndpoint handleCancellation
WARNING: Unmatched cancel notification for request id 1914
2026.06.17 14:57:55 INFO  compiling ludo_of (1 scala source)
2026.06.17 14:57:55 INFO  time: compiled ludo_of in 0.28s
2026.06.17 14:58:10 INFO  compiling ludo_of (1 scala source)
2026.06.17 14:58:10 INFO  time: compiled ludo_of in 0.27s
2026.06.17 14:58:36 INFO  compiling ludo_of (1 scala source)
2026.06.17 14:58:36 INFO  time: compiled ludo_of in 0.41s
2026.06.17 14:58:53 WARN  Could not load snapshot text for /Users/pamelavillar/Downloads/ludo_of/src/main/scala/ludo/gui/components/BoardView.scala
2026.06.17 14:58:53 WARN  Could not load snapshot text for /Users/pamelavillar/Downloads/ludo_of/src/main/scala/ludo/gui/components/BoardView.scala
2026.06.17 14:58:53 WARN  Could not load snapshot text for /Users/pamelavillar/Downloads/ludo_of/src/main/scala/ludo/gui/components/BoardView.scala
2026.06.17 14:58:53 INFO  compiling ludo_of (1 scala source)
2026.06.17 14:58:53 WARN  Could not load snapshot text for /Users/pamelavillar/Downloads/ludo_of/src/main/scala/ludo/gui/components/BoardView.scala
2026.06.17 14:58:53 WARN  Could not load snapshot text for /Users/pamelavillar/Downloads/ludo_of/src/main/scala/ludo/gui/components/BoardView.scala
2026.06.17 14:58:53 INFO  time: compiled ludo_of in 0.32s
2026.06.17 14:59:05 INFO  compiling ludo_of (1 scala source)
2026.06.17 14:59:05 INFO  time: compiled ludo_of in 0.32s
2026.06.17 15:00:45 INFO  compiling ludo_of (1 scala source)
2026.06.17 15:00:45 INFO  time: compiled ludo_of in 0.29s
2026.06.17 15:01:14 INFO  compiling ludo_of (2 scala sources)
2026.06.17 15:01:14 INFO  time: compiled ludo_of in 0.34s
2026.06.17 15:01:44 INFO  compiling ludo_of (1 scala source)
2026.06.17 15:01:44 INFO  time: compiled ludo_of in 0.18s
2026.06.17 15:04:33 INFO  compiling ludo_of (2 scala sources)
2026.06.17 15:04:33 INFO  time: compiled ludo_of in 0.2s
2026.06.17 15:04:53 INFO  compiling ludo_of (1 scala source)
2026.06.17 15:04:53 WARN  Could not load snapshot text for /Users/pamelavillar/Downloads/ludo_of/src/main/scala/ludo/gui/components/ControlPanel.scala
2026.06.17 15:04:53 INFO  time: compiled ludo_of in 0.23s
2026.06.17 15:05:09 INFO  compiling ludo_of (1 scala source)
2026.06.17 15:05:09 INFO  time: compiled ludo_of in 0.19s
2026.06.17 15:05:18 INFO  compiling ludo_of (1 scala source)
2026.06.17 15:05:18 WARN  Could not load snapshot text for /Users/pamelavillar/Downloads/ludo_of/src/main/scala/ludo/gui/components/ControlPanel.scala
2026.06.17 15:05:18 INFO  time: compiled ludo_of in 0.2s
2026.06.17 15:05:28 INFO  compiling ludo_of (1 scala source)
2026.06.17 15:05:28 INFO  time: compiled ludo_of in 0.29s
2026.06.17 15:05:35 INFO  compiling ludo_of (1 scala source)
2026.06.17 15:05:35 INFO  time: compiled ludo_of in 0.18s
2026.06.17 15:05:46 INFO  compiling ludo_of (1 scala source)
2026.06.17 15:05:46 INFO  time: compiled ludo_of in 0.13s
2026.06.17 15:06:11 INFO  compiling ludo_of (1 scala source)
2026.06.17 15:06:11 INFO  time: compiled ludo_of in 0.19s
2026.06.17 15:06:24 INFO  compiling ludo_of (1 scala source)
2026.06.17 15:06:25 WARN  Could not load snapshot text for /Users/pamelavillar/Downloads/ludo_of/src/main/scala/ludo/gui/components/ControlPanel.scala
2026.06.17 15:06:24 INFO  time: compiled ludo_of in 0.43s
2026.06.17 15:06:36 INFO  compiling ludo_of (1 scala source)
2026.06.17 15:06:36 INFO  time: compiled ludo_of in 0.18s
Jun 17, 2026 3:06:39 PM org.eclipse.lsp4j.jsonrpc.RemoteEndpoint handleCancellation
WARNING: Unmatched cancel notification for request id 2954
2026.06.17 15:06:46 INFO  compiling ludo_of (1 scala source)
2026.06.17 15:06:46 INFO  time: compiled ludo_of in 0.15s
2026.06.17 15:07:07 INFO  compiling ludo_of (4 scala sources)
2026.06.17 15:07:07 INFO  time: compiled ludo_of in 0.32s
2026.06.17 15:09:29 INFO  compiling ludo_of (1 scala source)
2026.06.17 15:09:29 INFO  time: compiled ludo_of in 0.16s
2026.06.17 15:09:49 INFO  compiling ludo_of (1 scala source)
2026.06.17 15:09:49 INFO  time: compiled ludo_of in 0.16s
2026.06.17 15:11:20 INFO  compiling ludo_of (1 scala source)
2026.06.17 15:11:20 INFO  time: compiled ludo_of in 0.15s
2026.06.17 15:12:05 INFO  compiling ludo_of (2 scala sources)
2026.06.17 15:12:05 INFO  time: compiled ludo_of in 0.21s
2026.06.17 15:12:24 INFO  compiling ludo_of (1 scala source)
2026.06.17 15:12:24 INFO  time: compiled ludo_of in 0.15s
2026.06.17 15:12:28 INFO  compiling ludo_of (1 scala source)
2026.06.17 15:12:28 INFO  time: compiled ludo_of in 0.15s
2026.06.17 15:12:32 INFO  compiling ludo_of (1 scala source)
2026.06.17 15:12:32 INFO  time: compiled ludo_of in 0.13s
2026.06.17 15:12:38 INFO  compiling ludo_of (1 scala source)
2026.06.17 15:12:38 INFO  time: compiled ludo_of in 0.13s
2026.06.17 15:12:49 INFO  compiling ludo_of (1 scala source)
2026.06.17 15:12:49 INFO  time: compiled ludo_of in 0.13s
2026.06.17 15:12:58 INFO  compiling ludo_of (1 scala source)
2026.06.17 15:12:58 INFO  time: compiled ludo_of in 0.15s
2026.06.17 15:13:35 INFO  compiling ludo_of (1 scala source)
2026.06.17 15:13:35 INFO  time: compiled ludo_of in 0.25s
2026.06.17 15:13:58 INFO  compiling ludo_of (1 scala source)
2026.06.17 15:13:58 INFO  time: compiled ludo_of in 0.16s
2026.06.17 15:14:17 INFO  compiling ludo_of (1 scala source)
2026.06.17 15:14:17 INFO  time: compiled ludo_of in 0.17s
2026.06.17 15:14:26 INFO  compiling ludo_of (1 scala source)
2026.06.17 15:14:26 INFO  time: compiled ludo_of in 0.15s
2026.06.17 15:14:31 INFO  compiling ludo_of (1 scala source)
2026.06.17 15:14:31 INFO  time: compiled ludo_of in 0.13s
2026.06.17 15:14:57 INFO  compiling ludo_of (1 scala source)
2026.06.17 15:14:57 INFO  time: compiled ludo_of in 0.15s
2026.06.17 15:15:31 INFO  compiling ludo_of (1 scala source)
2026.06.17 15:15:31 INFO  time: compiled ludo_of in 0.17s
2026.06.17 15:15:37 INFO  compiling ludo_of (1 scala source)
2026.06.17 15:15:37 INFO  time: compiled ludo_of in 0.14s
